-- phpMyAdmin SQL Dump
-- version 5.0.2
-- https://www.phpmyadmin.net/
--
-- Host: 127.0.0.1
-- Generation Time: Jul 21, 2020 at 04:47 PM
-- Server version: 10.4.11-MariaDB
-- PHP Version: 7.4.5

SET SQL_MODE = "NO_AUTO_VALUE_ON_ZERO";
START TRANSACTION;
SET time_zone = "+00:00";


/*!40101 SET @OLD_CHARACTER_SET_CLIENT=@@CHARACTER_SET_CLIENT */;
/*!40101 SET @OLD_CHARACTER_SET_RESULTS=@@CHARACTER_SET_RESULTS */;
/*!40101 SET @OLD_COLLATION_CONNECTION=@@COLLATION_CONNECTION */;
/*!40101 SET NAMES utf8mb4 */;

--
-- Database: `webnoithat`
--

-- --------------------------------------------------------

--
-- Table structure for table `admins`
--

CREATE TABLE `admins` (
  `id` int(11) NOT NULL,
  `name` varchar(100) DEFAULT NULL,
  `address` varchar(100) DEFAULT NULL,
  `email` varchar(100) DEFAULT NULL,
  `account` varchar(50) NOT NULL,
  `password` varchar(50) DEFAULT NULL,
  `phone` char(15) DEFAULT NULL,
  `status` tinytext DEFAULT '1',
  `level` tinytext DEFAULT '1',
  `avatar` varchar(100) DEFAULT NULL,
  `created_at` timestamp NULL DEFAULT NULL,
  `updata_up` timestamp NULL DEFAULT NULL ON UPDATE current_timestamp()
) ENGINE=InnoDB DEFAULT CHARSET=utf8;

--
-- Dumping data for table `admins`
--

INSERT INTO `admins` (`id`, `name`, `address`, `email`, `account`, `password`, `phone`, `status`, `level`, `avatar`, `created_at`, `updata_up`) VALUES
(13, 'Đặng Vân Thương', '351 Lạc Long Quân', 'vanthuonghcmue@gmail.com', '', 'vanthuonghcmue', '0345950456', '1', '1', '103476832_2662945574026465_4356739248337119426_o.jpg', '2020-07-10 06:24:00', '2020-07-10 06:24:00'),
(14, 'Lê Phước Thuận', '351 Lạc Long Quân', 'lephuocthuan123@gmail.com', '', 'thuanle123', '0798245311', '1', '1', '104412361_2569301513383799_1883383400916920772_o.jpg', '2020-07-10 06:25:27', '2020-07-10 06:25:27'),
(15, 'Othai Keophanthavong', '351 Lạc Long Quân', 'othaikeophanthavong045@gmail.com', '', 'othai159', '0763452159', '1', '1', '105565240_2054501014674379_5604075879712882968_n.jpg', '2020-07-10 06:26:33', '2020-07-10 06:26:33'),
(16, 'Trần Nguyễn Hoài Thương', '239 Lữ Gia ', 'hoaithuong159@gmail.com', '', 'hoaithuong147', '0935952128', '1', '1', '103762761_2646133498999247_6324856098919059660_o.jpg', '2020-07-10 06:27:34', '2020-07-10 06:27:34'),
(17, 'Hồ Huỳnh Nhật Uyên', '351 Lạc Long Quân', 'uyenho2012@gmail.com', '', 'uyen1793', '0984365426', '1', '1', '103124459_133212838412712_2175252024110480758_o.jpg', '2020-07-10 06:28:50', '2020-07-10 06:28:50'),
(18, 'Trần Nguyễn Anh Thi', '41 Đặng Thùy Trâm', 'trannhi17676@gmail.com', '', 'anhthi951', '0923243319', '1', '1', '106417485_1220820658260717_6408862427344057579_o.jpg', '2020-07-10 06:29:28', '2020-07-10 06:29:28'),
(19, 'dssssss11111111111111111111111111', '351a Lạc Long Quân111', 'thuongpro2013@gmail.com', '', '11111111', '2311232133', '1', '1', 'download.jpg', '2020-07-21 14:44:52', '2020-07-21 14:44:52');

-- --------------------------------------------------------

--
-- Table structure for table `category`
--

CREATE TABLE `category` (
  `id` int(11) NOT NULL,
  `name` varchar(100) DEFAULT NULL,
  `slug` varchar(100) DEFAULT NULL,
  `images` varchar(100) DEFAULT NULL,
  `banner` varchar(100) DEFAULT NULL,
  `home` tinyint(100) DEFAULT 0,
  `status` tinyint(4) DEFAULT 0,
  `created_at` timestamp NOT NULL DEFAULT current_timestamp(),
  `updated` timestamp NOT NULL DEFAULT current_timestamp() ON UPDATE current_timestamp()
) ENGINE=InnoDB DEFAULT CHARSET=utf8;

--
-- Dumping data for table `category`
--

INSERT INTO `category` (`id`, `name`, `slug`, `images`, `banner`, `home`, `status`, `created_at`, `updated`) VALUES
(70, 'Nội Thất', NULL, NULL, NULL, 0, 0, '2020-07-07 05:04:42', '2020-07-17 07:13:42'),
(71, 'Ngoại Thất', NULL, NULL, NULL, 0, 0, '2020-07-07 05:05:16', '2020-07-07 05:05:16'),
(72, 'Decor', NULL, NULL, NULL, 0, 0, '2020-07-07 05:05:41', '2020-07-17 14:54:21'),
(73, 'Sân Vườn', NULL, NULL, NULL, 0, 0, '2020-07-07 05:05:51', '2020-07-07 05:05:51'),
(74, 'Đồ Gia Dụng', NULL, NULL, NULL, 0, 0, '2020-07-07 05:05:59', '2020-07-07 05:06:25'),
(75, 'Thương Hiệu', NULL, NULL, NULL, 0, 0, '2020-07-07 05:06:43', '2020-07-07 05:06:43');

-- --------------------------------------------------------

--
-- Table structure for table `orders`
--

CREATE TABLE `orders` (
  `id` int(11) NOT NULL,
  `transaction_id` int(11) DEFAULT NULL,
  `product_id` int(11) DEFAULT NULL,
  `soluong` int(11) DEFAULT NULL,
  `gia` int(11) DEFAULT NULL,
  `sale` int(11) DEFAULT NULL,
  `created_at` timestamp NULL DEFAULT current_timestamp()
) ENGINE=InnoDB DEFAULT CHARSET=utf8;

--
-- Dumping data for table `orders`
--

INSERT INTO `orders` (`id`, `transaction_id`, `product_id`, `soluong`, `gia`, `sale`, `created_at`) VALUES
(46, 52, 27, 1, 17800000, 50, '2020-07-15 11:10:29'),
(47, 53, 160, 2, 450000, 0, '2020-07-15 11:11:10'),
(48, 53, 35, 1, 20400000, 0, '2020-07-15 11:11:10'),
(49, 54, 94, 1, 18950000, 0, '2020-07-15 11:12:53'),
(50, 55, 164, 3, 890000, 50, '2020-07-15 11:13:49'),
(51, 55, 34, 1, 16300000, 0, '2020-07-15 11:13:49'),
(52, 56, 27, 2, 17800000, 50, '2020-07-16 15:11:08'),
(53, 57, 27, 2, 17800000, 50, '2020-07-16 15:52:53'),
(54, 58, 29, 3, 18800000, 10, '2020-07-17 15:00:20'),
(55, 58, 27, 2, 17800000, 50, '2020-07-17 15:00:20'),
(56, 59, 205, 1, 18120000, 10, '2020-07-19 08:15:28'),
(57, 59, 78, 1, 25000000, 0, '2020-07-19 08:15:28'),
(58, 60, 29, 1, 18800000, 10, '2020-07-19 08:21:02'),
(59, 61, 30, 1, 10100000, 0, '2020-07-19 08:22:40'),
(60, 62, 32, 1, 26200000, 20, '2020-07-19 08:26:28'),
(61, 63, 27, 3, 17800000, 50, '2020-07-19 08:29:01'),
(62, 64, 117, 2, 450000, 5, '2020-07-19 15:10:55'),
(63, 65, 29, 1, 18800000, 10, '2020-07-19 15:19:13'),
(64, 65, 39, 1, 1350000, 0, '2020-07-19 15:19:13'),
(65, 65, 27, 1, 17800000, 50, '2020-07-19 15:19:13'),
(66, 66, 29, 1, 18800000, 10, '2020-07-19 15:38:57'),
(67, 66, 27, 1, 17800000, 50, '2020-07-19 15:38:57'),
(68, 67, 76, 1, 46000000, 0, '2020-07-20 06:02:38');

-- --------------------------------------------------------

--
-- Table structure for table `product`
--

CREATE TABLE `product` (
  `id` int(11) NOT NULL,
  `name` varchar(100) DEFAULT NULL,
  `slug` varchar(100) DEFAULT NULL,
  `soluong` int(11) NOT NULL DEFAULT 1,
  `gia` int(11) DEFAULT NULL,
  `sale` tinyint(4) DEFAULT 0,
  `avatar` varchar(100) DEFAULT NULL,
  `category` int(50) NOT NULL,
  `type` int(50) NOT NULL,
  `content` text DEFAULT NULL,
  `head` int(11) NOT NULL DEFAULT 0,
  `view` int(11) DEFAULT 0,
  `hot` tinyint(4) DEFAULT 0,
  `created_at` timestamp NULL DEFAULT NULL,
  `updata_up` timestamp NULL DEFAULT NULL ON UPDATE current_timestamp()
) ENGINE=InnoDB DEFAULT CHARSET=utf8;

--
-- Dumping data for table `product`
--

INSERT INTO `product` (`id`, `name`, `slug`, `soluong`, `gia`, `sale`, `avatar`, `category`, `type`, `content`, `head`, `view`, `hot`, `created_at`, `updata_up`) VALUES
(27, 'Sofa ALGARD', NULL, 100, 17800000, 50, 'sofa Algard.JPG', 70, 9, 'Algard sofa là sản phẩm của thương hiệt Sketch, Đan Mạch, sản xuất tại Việt Nam. Mỗi sản phẩm là một thiết kế có bản quyền và sản xuất với tiêu chuẩn khắt khe nhất.\r\nAlgard sử dụng lò xo cuộn giúp mang lại cảm giác ngồi êm ái và bền với thời gian.\r\nAlgard sofa có 2 kích thước, 6 range vải và 3 cấp độ Da bò để khách hàng chọn lựa.\r\nSketch chỉ sử dụng các loại vải và Da cao cấp chọn lọc nhập từ Bỉ và Ý.\r\n- Kích thước sản phẩm:\r\n     + Algard 2.5: W.1840 x D.860 x H.770 / SH.430\r\nTrọng lượng (net): 53.3 kg\r\nCBM: 1.037 m3\r\nĐóng gói: L.1910 x W.890 x H.610\r\n     + Algard 3.0: W.2100 x D.860 x H.770 / SH.430\r\nTrọng lượng (net): 56.6 kg\r\nCBM: 1.178 m3\r\nĐóng gói: L.2170 x W.890 x H.610\r\n- Chất liệu:\r\n     + Khung ghế: Gỗ Thông / MDF / Lò xo Zig-Zag\r\n     + Nệm ghế: Lò xo cuộn / mút đàn hồi / gòn bi\r\n     + Chân ghế: gỗ Sồi\r\n     + Chất liệu bọc: Vải Range 1-6 / Da Range 1-4\r\n- Màu sắc chân: Light oak / Black oak / Smoked oak / Walnut\r\n- Sử dụng trong nhà, tránh tiếp xúc trực tiếp ánh nắng lâu ngày   ', 0, 0, 0, '2020-07-07 05:21:12', '2020-07-07 09:14:12'),
(29, 'Sofa GRECO', NULL, 100, 18800000, 10, 'sofa GERCO.JPG', 70, 9, 'GRECO sofa là sản phẩm của thương hiệt Sketch, Đan Mạch, sản xuất tại Việt Nam. Mỗi sản phẩm là một thiết kế có bản quyền và sản xuất với tiêu chuẩn khắt khe nhất.\r\nGRECO được độn lông vũ trong nệm ngồi và gối, giúp mang lại cảm giác ngồi êm ái và không bị xẹp hoặc vênh theo thời gian.\r\nGRECO sofa có nhiều module khác nhau, có 6 range vải để khách hàng chọn lựa.\r\nSketch chỉ sử dụng các loại vải và Da cao cấp chọn lọc nhập từ Bỉ và Ý\r\n- Kích thước sản phẩm:\r\n     + W.1960 x D.900 x H.740 / SH.470\r\n- Chất liệu:\r\n     + Khung ghế: Gỗ Thông / MDF / Lò xo Zig-Zag\r\n     + Nệm ghế: Lông vũ / mút đàn hồi / gòn bi / sợi Polyester\r\n     + Chân ghế: Sắt bọc đồng\r\n     + Chất liệu bọc: Vải Range 1-6 / Da Range 1-4\r\n- Sử dụng trong nhà, tránh tiếp xúc trực tiếp ánh nắng lâu ngày', 0, 0, 0, '2020-07-07 12:27:06', '2020-07-07 12:27:06'),
(30, 'Sofa HOTEL', NULL, 100, 10100000, 0, 'sofa HOTEL.JPG', 70, 9, 'HOTEL là hệ thống sofa dạng Module được thiết kế bởi Cisotti & Laube. Hotel bao gồm nhiều sofa với kích thước khác nhau, nhiều module có thể lắp ghép với nhau để tạo ra 1 hệ thống chỗ ngồi nhiều hình dáng.\r\n- Có nhiều loại modules sofa và bàn nối khác nhau\r\n- Chất liệu:\r\n     + Chân bàn/ghế: sắt sơn tĩnh điện\r\n     + Bọc vải ghế: ZEN / CORE / COSMOS / CROSS\r\n     + Bọc Simili: SPINNING\r\n- Sử dụng trong nhà', 0, 0, 0, '2020-07-07 12:29:46', '2020-07-07 12:29:46'),
(31, 'Sofa KA MAXI', NULL, 100, 25300000, 0, 'sofa KA MAXI.JPG', 70, 9, 'KA MAXI là bộ sưu tập sofa dùng cho văn phòng được thiết kế bởi Roberto Romanello. KA MAXI bao gồm Ottoman, sofa đôi và sofa 3 chỗ ngồi được bọc vải hoặc simili.\r\n- Kích thước sản phẩm\r\n     + Ottoman: W.1220 x D.1220 x H.420\r\n     + Sofa 2-seater: W.1950 x D.840 x H.800 / 570 / 420\r\n     + Sofa 3-seater: W.2240 x D.840 x H.800 / 570 / 420\r\n- Chất liệu:\r\n     + Chân ghế: sắt sơn tĩnh điện hoặc mạ Chrome\r\n     + Bọc vải: ZEN / CORE / COSMOS / CROSS\r\n     + Bọc Simili: SPINNING\r\n- Sử dụng trong nhà\r\n', 0, 0, 0, '2020-07-07 12:31:29', '2020-07-07 12:31:29'),
(32, 'Sofa MILLER', NULL, 100, 26200000, 20, 'sofa MILLER.JPG', 70, 9, 'MILLER sofa là sản phẩm của thương hiệt Sketch, Đan Mạch, sản xuất tại Việt Nam. Mỗi sản phẩm là một thiết kế có bản quyền và sản xuất với tiêu chuẩn khắt khe nhất.\r\n- Kích thước sản phẩm:\r\n     + Module 41/42: W.1150 x D.1040 x H.720 / SH.410\r\n     + Module 55/56: W.1350 x D.1040 x H.720 / SH.410\r\n- Chất liệu:\r\n     + Khung ghế: Gỗ Thông / MDF / Lò xo Zig-Zag\r\n     + Nệm ghế: Lông vũ / mút đàn hồi / gòn bi / sợi Polyester\r\n     + Chân ghế: gỗ Sồi\r\n     + Chất liệu bọc: Vải Range 1-6 / Da Range 1-4\r\n- Sử dụng trong nhà, tránh tiếp xúc trực tiếp ánh nắng lâu ngày', 0, 0, 0, '2020-07-07 12:33:03', '2020-07-07 12:33:03'),
(33, 'Sofa NELLY', NULL, 100, 18000000, 0, 'sofa NELLY.JPG', 70, 9, 'NELLY sofa là sản phẩm của thương hiệt Sketch, Đan Mạch, sản xuất tại Việt Nam. Mỗi sản phẩm là một thiết kế có bản quyền và sản xuất với tiêu chuẩn khắt khe nhất.\r\nNELLY được độn lông vũ trong nệm ngồi và gối, giúp mang lại cảm giác ngồi êm ái và không bị xẹp hoặc vênh thời gian.\r\nNELLY sofa có 2 kích thước, 6 range vải và 3 cấp độ Da bò để khách hàng chọn lựa.\r\nSketch chỉ sử dụng các loại vải và Da cao cấp chọn lọc nhập từ Bỉ và Ý.\r\n- Kích thước sản phẩm:\r\n\r\n     + OTTO 2.5: W.1700 x D.880 x H.850 / SH.470 / AH.620\r\n\r\nTrọng lượng (net): 41.5 kg\r\nCBM: 1.071 m3\r\nĐóng gói: L.1750 x W.850 x H.720\r\n     + OTTO 3.0: W.2000 x D.880 x H.850 / SH.470 / AH.620\r\n\r\nTrọng lượng (net): 43.5 kg\r\nCBM: 1.261 m3\r\nĐóng gói: L.2060 x W.850 x H.720\r\n- Chất liệu:\r\n     + Khung ghế: Gỗ Thông / MDF / Lò xo Zig-Zag\r\n     + Nệm ghế: Lông vũ / mút đàn hồi / gòn bi / sợi Polyester\r\n     + Chân ghế: gỗ Sồi\r\n     + Chất liệu bọc: Vải Range 1-6 / Da Range 1-4\r\n- Màu sắc chân: Light oak / Black oak / Smoked oak / Walnut\r\n- Sử dụng trong nhà, tránh tiếp xúc trực tiếp ánh nắng lâu ngày', 0, 0, 0, '2020-07-07 12:35:52', '2020-07-07 12:35:52'),
(34, 'Sofa ORPHAN', NULL, 100, 16300000, 0, 'sofa ORPHAN.JPG', 70, 9, 'ORPHAN sofa là sản phẩm của thương hiệt Sketch, Đan Mạch, sản xuất tại Việt Nam. Mỗi sản phẩm là một thiết kế có bản quyền và sản xuất với tiêu chuẩn khắt khe nhất.\r\nORPHAN được độn lông vũ trong nệm ngồi và gối, giúp mang lại cảm giác ngồi êm ái và không bị xẹp hoặc vênh thời gian.\r\nORPHAN sofa có 2 kích thước, 6 range vải và 3 cấp độ Da bò để khách hàng chọn lựa.\r\nSketch chỉ sử dụng các loại vải và Da cao cấp chọn lọc nhập từ Bỉ và Ý.\r\n- Kích thước sản phẩm:\r\n     + ORPHAN 2.0: W.1700 x D.880 x H.785 / SH.450\r\nTrọng lượng (net): 42.5 kg\r\nCBM: 0.956 m3\r\nĐóng gói: L.1770 x W.910 x H.600\r\n     + ORPHAN 3.0: W.2080 x D.880 x H.785 / SH.450\r\nTrọng lượng (net): 45 kg\r\nCBM: 1.180 m3\r\nĐóng gói: L.2150 x W.910 x H.600\r\n- Chất liệu:\r\n     + Khung ghế: Gỗ Thông / MDF / Lò xo Zig-Zag\r\n     + Nệm ghế: Lông vũ / mút đàn hồi / gòn bi / sợi Polyester\r\n     + Chân ghế: gỗ Sồi\r\n     + Chất liệu bọc: Vải Range 1-6 / Da Range 1-4\r\n- Màu sắc chân: Light oak / Black oak / Smoked oak / Walnut\r\n- Sử dụng trong nhà, tránh tiếp xúc trực tiếp ánh nắng lâu ngày', 0, 0, 0, '2020-07-07 12:37:43', '2020-07-07 12:37:43'),
(35, 'Sofa OTTO', NULL, 100, 20400000, 0, 'sofa OTTO.JPG', 70, 9, 'OTTO sofa là sản phẩm của thương hiệt Sketch, Đan Mạch, sản xuất tại Việt Nam. Mỗi sản phẩm là một thiết kế có bản quyền và sản xuất với tiêu chuẩn khắt khe nhất.\r\nOTTO sử dụng lò xo cuộn giúp mang lại cảm giác ngồi êm ái và bền với thời gian.\r\nOTTO sofa có 2 kích thước, 6 range vải và 3 cấp độ Da bò để khách hàng chọn lựa.\r\nSketch chỉ sử dụng các loại vải và Da cao cấp chọn lọc nhập từ Bỉ và Ý\r\n- Kích thước sản phẩm:\r\n     + OTTO 2.5: W.1950 x D.930 x H.765 / SH.430\r\nTrọng lượng (net): 64.5 kg\r\nCBM: 1.220 m3\r\nĐóng gói: L.2010 x W.960 x H.640\r\n     + OTTO 3.0: W.2250 x D.930 x H.765 / SH.430\r\nTrọng lượng (net): 71.5 kg\r\nCBM: 1.419 m3\r\nĐóng gói: L.2310 x W.960 x H.640\r\n- Chất liệu:\r\n     + Khung ghế: Gỗ Thông / MDF / Lò xo Zig-Zag\r\n     + Nệm ghế: Lò xo cuộn / mút đàn hồi / gòn bi\r\n     + Chân ghế: gỗ Sồi\r\n     + Chất liệu bọc: Vải Range 1-6 / Da Range 1-4\r\n- Màu sắc chân: Light oak / Black oak / Smoked oak / Walnut\r\n- Sử dụng trong nhà, tránh tiếp xúc trực tiếp ánh nắng lâu ngày', 0, 0, 0, '2020-07-07 12:39:31', '2020-07-07 12:39:31'),
(36, 'Sofa PERT', NULL, 100, 19400000, 5, 'sofa PERT.JPG', 70, 9, 'PERT sofa là sản phẩm của thương hiệt Sketch, Đan Mạch, sản xuất tại Việt Nam. Mỗi sản phẩm là một thiết kế có bản quyền và sản xuất với tiêu chuẩn khắt khe nhất.\r\nPERT được độn lông vũ trong nệm ngồi và gối, giúp mang lại cảm giác ngồi êm ái và không bị xẹp hoặc vênh thời gian.\r\nPERT sofa có 6 range vải để khách hàng chọn lựa.\r\nSketch chỉ sử dụng các loại vải và Da cao cấp chọn lọc nhập từ Bỉ và Ý.\r\n- Kích thước sản phẩm:\r\n     + W.2110 x D.920 x H.810\r\n- Chất liệu:\r\n     + Khung ghế: Gỗ Thông / MDF / Lò xo Zig-Zag\r\n     + Nệm ghế: Lông vũ / mút đàn hồi / gòn bi / sợi Polyester\r\n     + Chân ghế: gỗ Sồi\r\n     + Chất liệu bọc: Vải Range 1-6\r\n- Sử dụng trong nhà, tránh tiếp xúc trực tiếp ánh nắng lâu ngày', 0, 0, 0, '2020-07-07 12:40:59', '2020-07-07 12:40:59'),
(37, 'Bàn AGORA', NULL, 100, 2250000, 3, 'bàn AGORA.JPG', 70, 10, 'AGORA là bộ sưu tập bàn coffee và bàn góc bằng sắt với nhiều kích thước và màu sắc sặc sỡ. Agora là sản phẩm của nhà thiết kế Cisotti & Laube.\r\n- Kích thước:\r\n     + Agora 40: W.495 x D.430 x H.400\r\n     + Agora 50: W.495 x D.430 x H.500\r\n     + Agora 60: W.495 x D.430 x H.600\r\n- Chất liệu:\r\n     + Mặt bàn và chân bàn bằng sắt sơn tĩnh điện\r\n- Màu sắc: 08 / 11 / 23 / 17 / 04 / 46 / 18 / 32 / 06 / 33 / 34 / 36 / 27 / 26 / 05 / 21 / 20 / 68\r\n- Sử dụng trong nhà', 0, 0, 0, '2020-07-07 12:44:00', '2020-07-07 12:44:00'),
(38, 'Bàn CULT', NULL, 100, 1200000, 0, 'bàn CULT.JPG', 70, 10, 'CULT được thiết kế bởi UTS, bao gồm 2 khung chân bàn làm bằng thép fi.35mm được vuốt nhỏ ở đầu dưới với nút chân bằng nhựa. Khung chân gắn trực tiếp vào mặt bàn HPL hay Laminate; với bàn từ 1m4 - 1m8 thì sẽ có 2 thanh trợ lực bên dưới để tránh bị cong mặt bàn.\r\n- Kích thước khung chân bàn:\r\n     + W.750 x D.350 x H.710 / khung\r\n- Chất liệu:\r\n     + Chân bàn bằng sắt sơn tĩnh điện hoặc mạ Chrome\r\n     + Kết hợp với mặt bàn bằng HPL hoặc Laminate\r\n- Màu sắc sơn: 08 / 17 / 46 / 36 / 02\r\n- Sử dụng trong nhà  ', 0, 0, 0, '2020-07-07 12:46:46', '2020-07-07 12:47:42'),
(39, 'Bàn JUXT', NULL, 100, 1350000, 0, 'bàn JUXT.JPG', 70, 10, 'JUXT là bộ sưu tập bàn chân sắt ống với chân bàn có 3 hoặc 4 nhánh xòe ra. Mặt bàn cũng có thể cố định hoặc gập lại được. JUXT phù hợp sử dụng làm bàn ăn hoặ bàn sử dụng chung như cantin, trường học, văn phòng. Bàn có thể gập lại và xếp sát vào nhau mà không chiếm quá nhiều diện tích.\r\n- Kích thước chân bàn:\r\n     + JUXT 3 - 71: chân bàn 3 nhánh và mặt bàn không gập vào được: W.570 x D.490 x H.710\r\n     + JUXT 3 - 105: chân bàn 3 nhánh và mặt bàn không gập vào được: W.570 x D.490 x H.1050\r\n     + JUXT 3F - 71: chân bàn 3 nhánh và mặt bàn gập vào được: W.570 x D.490 x H.710\r\n     + JUXT 3F - 105: chân bàn 3 nhánh và mặt bàn gập vào được: W.570 x D.490 x H.1050\r\n     + JUXT 4F - 71: chân bàn 4 nhánh và mặt bàn gập vào được: W.570 x D.490 x H.710\r\n     + JUXT 4F - 105: chân bàn 4 nhánh và mặt bàn gập vào được: W.570 x D.490 x H.1050\r\n- Chất liệu:\r\n     + Chân bàn bằng sắt sơn tĩnh điện hoặc mạ Chrome\r\n     + Kết hợp với mặt bàn bằng HPL\r\n- Màu sắc: 08 / 11 / 23 / 04 / 46 / 18 / 32 / 06 / 20 / 17 / 27 / 33 / 34 / 36 / 26 / 05 / 21 / 58 / 68 / 02\r\n- Sử dụng trong nhà hoặc ngoài trời', 0, 0, 0, '2020-07-07 12:49:54', '2020-07-07 12:49:54'),
(40, 'Bàn TEE', NULL, 100, 13500000, 10, 'bàn TEE.JPG', 70, 10, 'TEE là thiết kế của Bartoli Design. Chân bàn được làm từ Resin có khung đỡ phía trong giúp chịu tải và ổn định mặt bàn.\r\nChân bàn có thể kết hợp với mặt Kính hoặc mặt HPL.\r\n- Kích thước chân bàn:\r\n     + W.780 x D.39 x H.710\r\n- Chất liệu:\r\n     + Chân bàn bằng Resin với hai màu Đen và Trắng\r\n     + Kết hợp với mặt bàn bằng Kính cường lức 12mm hoặc mặt bàn HPL\r\n- Sử dụng trong nhà', 0, 0, 0, '2020-07-07 12:52:52', '2020-07-07 12:52:52'),
(41, 'Bàn SAMU', NULL, 100, 1700000, 0, 'bàn SAMU.JPG', 70, 10, 'SAMU thiết kế bới Bartoli Design, bàn gồm nhiều phiên bản cao thấp khác nhau và 1 trụ hoặc 2 trụ. Trụ đúng bằng ống thép fi.60mm.\r\n- Kích thước chân bàn:\r\n     + Chân đơn: H.400\r\n     + Chân đơn: H.710\r\n     + Chân đơn: H.1050\r\n     + Chân đôi: L.1100 x H.400\r\n- Chất liệu:\r\n     + Chân bàn bằng thép với trụ fi.60mm / sơn tĩnh điện hoặc mạ chromed\r\n     + Kết hợp với mặt bàn bằng HPL\r\n- Màu sắc: nhiều màu sắc\r\n- Sử dụng trong nhà', 0, 0, 0, '2020-07-07 12:54:36', '2020-07-07 12:54:36'),
(42, 'Bàn STAY ON', NULL, 100, 2950000, 30, 'bàn STAY ON.JPG', 70, 10, 'STAY ON được thiết kế bởi Archirivolto Design. Chân bàn có 2 loại là trụ tròn fi.60mm và trụ vuông 60x60mm.\r\n- Kích thước chân bàn:\r\n     + Trụ tròn fi.60: H.710\r\n     + Trụ vuông 60x60: H.710\r\n- Chất liệu:\r\n     + Chân bàn bằng thép với trụ fi.60mm hoặc 60x60mm / sơn tĩnh điện hoặc mạ chromed\r\n     + Kết hợp với mặt bàn bằng HPL\r\n- Màu sắc: nhiều màu sắc\r\n- Sử dụng trong nhà', 0, 0, 0, '2020-07-07 12:56:02', '2020-07-07 12:56:02'),
(43, 'Bàn Cafe BUSY BOY', NULL, 100, 3400000, 0, 'bàn cafe BUSY BOY.JPG', 70, 10, 'BUSY BOY là thiết kế của UTS, bàn gồm 2 bàn cao và thấp lồng vào nhau, có thể xoay mỗi bàn ra nhiều hướng để mở rộng không gian hoặc thu hẹp tùy thích.\r\nBàn có rất nhiều màu sắc để phối với nhau\r\n- Kích thước:\r\n     + Bàn lớn: L.910 x W.490 x H.350 / 300\r\n     + Bàn nhỏ: L.590 x W.350 x H.300/250\r\n- Chất liệu:\r\n     + Mặt bàn và chân bàn bằng sắt sơn tĩnh điện\r\n- Màu sắc: 08 / 11 / 23 / 04 / 46 / 18 / 32 / 06 / 20 / 17 / 27 / 33 / 34 / 36 / 26 / 05 / 21 / 68\r\n- Sử dụng trong nhà', 0, 0, 0, '2020-07-07 12:58:18', '2020-07-07 12:58:18'),
(44, 'Bàn Coffee Xi Măng', NULL, 100, 3600000, 10, 'bàn coffee xi măng.JPG', 70, 10, 'Các sản phẩm của thương hiệu Nhàta đều được làm từ bê tông tươi, cốt sợi thực vật nên thân thiện môi trường và không có hại cho người sản xuất.\r\nSản phẩm làm thủ công nên mỗi sản phẩm là duy nhất và không sản phẩm nào hoàn toàn giống sản phẩm nào về màu sắc\r\nSản phẩm bê tông dùng được cả trong nhà và Ngoài trời, không bị thấm và loang nước.\r\n- Kích thước sản phẩm:\r\n- Chất liệu: bê tông tươi / sợi thực vật\r\n- Màu sắc: Dark grey\r\n- Chống sương giá / thời tiết / tia UV\r\n- Chống thấm', 0, 0, 0, '2020-07-07 13:00:11', '2020-07-07 13:00:11'),
(45, 'Bàn Góc CERUBO', NULL, 100, 1540000, 0, 'bàn góc.JPG', 70, 10, 'CERUBO bắt nguồn từ thị trấn Takumi, ở Hida Takayama, Nhật Bản. Công ty được biết đến với việc thiết kế và sản xuất các sản phẩm Nội thất bằng gỗ thịt với các kỹ năng truyền thống của Nhật Bản. Kỹ năng \"Truyền thống của Nhật Bản\" là \"đặc sản\" của chúng tôi vì chúng đã được phát triển và trau dồi qua nhiều thế hệ của thợ thủ công tại Nhật Bản. Hiện tại, với công nghệ tối tân nhất kết hợp với kỹ năng của các thợ thủ công, chúng tôi luôn mang tới những sản phẩm Nội thất tốt nhất cho khách hàng với giá phải chăng nhất, đó là cam kết của chúng tôi. Và từ ý tưởng tái sử dụng tài nguyên, Cerubo đã cho ra mắt một bộ sưu tập gỗ mang tên PLAM và bộ sưu tập mới đây mang tên Latree, nhà máy đã sử dụng gỗ tái chế để sản xuất những phụ kiện bằng gỗ với những sản phẩm nhỏ xinh, lạ mắt và nhận được sự đánh giá cao từ phía khách hàng.\r\nCerubo, thương hiệu nội thất của Nhật, nhà máy sản xuất tại Việt Nam.\r\n- Kích thước sản phẩm:\r\n+ Ngang: 520 mm\r\n+ Sâu: 400 mm\r\n+ Cao: 331/500 mm\r\n- Chất liệu:  Walnut + Beech / Gỗ Óc Chó + Dẻ Gai\r\n- Màu sắc: gỗ tự nhiên\r\n- Sử dụng trong nhà, tránh tiếp xúc trực tiếp ánh nắng và ẩm lâu ngày', 0, 0, 0, '2020-07-07 13:02:43', '2020-07-07 13:02:43'),
(47, 'Ghế Bar DRAGONFLY ', NULL, 100, 3850000, 0, 'ghế bar DRAGONFLY.JPG', 70, 11, 'DRAGONFLY là mẫu ghế tiêu biểu của Segis, do nhà thiết kế Odo Floravanti thiết kế năm 2013 và đã đạt rất nhiều giải thưởng thiết kế lớn. Ghế có rất nhiều màu sắc kết hợp với nhiều loại chân ghế để chọn lựa\r\n- Lưng ghế polypropylene được nhập khẩu trực tiếp từ Ý\r\n- Chân ghế và hoàn thiện tại nhà máy Segis tại Việt Nam.\r\n- Ghế có thể chồng lên nhau: max 14 ghế / chồng\r\n- Kích thước:\r\n     + Ghế cao 63: W.600 x D.565 x H.980 / AH.840 / SH.630\r\n     + Ghế cao 75: W.600 x D.565 x H.1100 / AH.960 / SH.750\r\n- Chất liệu:\r\n     + Mặt ngồi và lưng: polypropylene được gia cường bằng sợi thủy tinh trên bề mặt, có thể tái chế được\r\n     + Chân ghế: Thép ống fi.18 / sơn tĩnh điện / Chromed\r\n- Các lựa chọn về bọc nệm ghế:\r\n     + Không bọc nệm (polypropylene)\r\n     + Bọc nệm phần ngồi\r\n     + Bọc nệm phần trước của ghế (phần ngồi và lưng trước)\r\n- Chất liệu bọc:\r\n     + Vải ZEN / CORE / COSMOS / CROSS\r\n     + Simili: SPINNING\r\n- Màu sắc:\r\n     + Vỏ ghế polypropylene: 7F / 7Y / 7V / 8R / 8H / 8Q\r\n     + Chân ghế: 08 / 68 / 18 / 26 / 32 / 34 / 02\r\n- Sử dụng trong nhà, tránh tiếp xúc trực tiếp ánh nắng và ẩm lâu ngày', 0, 0, 0, '2020-07-07 13:09:40', '2020-07-07 13:09:40'),
(48, 'Ghế CAMEL', NULL, 100, 2900000, 0, 'ghế CAMEL.JPG', 70, 11, 'CAMEL được thiết kế bởi nhà thiết kế Bartoli Design. Đây là một trong những mẫu biệu tượng của Segis với thiết kế mềm mại và thanh thoát, kết hợp với nhiều kiểu chân ghế khác nhau cho ra những chiếc ghế phù hợp với nhiều không gian và chức năng sử dụng khác nhau. Camel là bộ sưu tập đầy màu sắc, mang lại sự trẻ trung và hiện đại cho không gian sử dụng\r\n- Lưng ghế polypropylene được nhập khẩu trực tiếp từ Ý\r\n- Các loại vải và simili bọc ghế được nhập khẩu từ Ý\r\n- Chân ghế và hoàn thiện tại nhà máy Segis tại Việt Nam.\r\n- Ghế xếp chồng lên nhau được: max 20 ghế / chồng\r\n- Kích thước:\r\n     + W.570 x D.505 x H.810 / SH.450\r\n- Chất liệu:\r\n     + Mặt ngồi và lưng: polypropylene được gia cường bằng sợi thủy tinh trên bề mặt, có thể tái chế được\r\n     + Chân ghế: chân sắt fi.12mm / sơn tĩnh điện\r\n- Nhiều lựa chọn bọc nệm ghế:\r\n     + Ghế không bọc nệm (polypropylene)\r\n     + Ghế bọc nệm toàn phần\r\n- Chất liệu bọc:\r\n     + Vải: ZEN / CORE / COSMOS / CROSS\r\n     + Simili: Spinning / MicroLeather\r\n     + Da bò\r\n- Màu sắc:\r\n     + Vỏ ghế polypropylene: 7F / 7Y / 7V / 8M / 8S / 8L\r\n     + Chân ghế sắt sơn tĩnh điện: 08 / 18 / 68 / 05 / 06 / 33 / 02\r\n- Sử dụng trong nhà, tránh tiếp xúc trực tiếp ánh nắng và ẩm lâu ngày', 0, 0, 0, '2020-07-09 04:50:25', '2020-07-09 04:50:25'),
(49, 'Ghế Đôn Xi Măng', NULL, 100, 1100000, 5, 'ghế đôn xi măng.JPG', 70, 11, 'Các sản phẩm của thương hiệu Nhàta đều được làm từ bê tông tươi, cốt sợi thực vật nên thân thiện môi trường và không có hại cho người sản xuất.\r\nSản phẩm làm thủ công nên mỗi sản phẩm là duy nhất và không sản phẩm nào hoàn toàn giống sản phẩm nào về màu sắc\r\nSản phẩm bê tông dùng được cả trong nhà và Ngoài trời, không bị thấm và loang nước.\r\n- Kích thước sản phẩm:\r\n     + 350 x 350 x H.460 / 17 kg\r\n- Chất liệu: bê tông tươi / sợi thực vật\r\n- Màu sắc: Dark grey\r\n- Chống sương giá / thời tiết / tia UV\r\n- Chống thấm', 0, 0, 0, '2020-07-09 04:52:47', '2020-07-09 04:52:47'),
(50, 'Ghế LIPS', NULL, 100, 3200000, 30, 'ghế LIPS.JPG', 70, 11, 'LIPS được thiết kế bởi Bartoli Design. Ghế LIPS phù hợp cho không gian Văn phòng và Trường học với nhiều biến thể khác nhau: không tay, có tay, có bàn viết và có thể liên kết lại thành các dãy ghế cho không gian Hội trường hay trường học\r\n- Lưng ghế polypropylene được nhập khẩu trực tiếp từ Ý\r\n- Các loại vải và simili bọc ghế được nhập khẩu từ Ý\r\n- Chân ghế và hoàn thiện tại nhà máy Segis tại Việt Nam.\r\nThông tin sản phẩm :\r\n- Ghế có thể xếp chồng lên nhau được: max 8 ghế / chồng\r\n- Kích thước:\r\n     + W.503 x D.538 x H.778 / SH.450\r\n- Chất liệu:\r\n     + Mặt ngồi và lưng: polypropylene được bọc nệm mặt trước\r\n     + Chân ghế: chân Inox hoặc sắt fi.16mm sơn tĩnh điện\r\n- Chất liệu bọc:\r\n     + Vải: ZEN / CORE / COSMOS / CROSS\r\n     + Simili: Spinning / MicroLeather\r\n     + Da bò\r\n- Màu sắc:\r\n     + Đen / Trắng / Inox\r\n- Sử dụng trong nhà, tránh tiếp xúc trực tiếp ánh nắng và ẩm lâu ngày', 0, 0, 0, '2020-07-09 04:55:06', '2020-07-09 04:55:06'),
(51, 'Ghế ZENITH', NULL, 100, 5800000, 50, 'ghê ZENITH.JPG', 70, 11, 'ZENITH thiết kế bởi Carlo Bimbi, là thiết kế hướng tới sự chắc chắn và mạnh mẽ. Với nhiều màu sắc khá nhau của vải bọc và màu khung sắt vẫn mang tới cho Zenith sự trẻ trung và mềm mại.\r\n- Kích thước:\r\n     + W.556 x D.568 x H.1039 / SH.750\r\n- Chất liệu:\r\n     + Mặt ngồi và lưng: bọc nệm\r\n     + Chân ghế: chân gỗ Dẻ gai / khung sắt sơn tĩnh điện hoặc mạ chrome\r\n- Sử dụng trong nhà, tránh tiếp xúc trực tiếp ánh nắng và ẩm lâu ngày', 0, 0, 0, '2020-07-09 04:56:34', '2020-07-09 04:56:34'),
(52, 'Ghế SLIDE', NULL, 100, 4350000, 45, 'ghế SLIDE.JPG', 70, 11, 'SLIDE thiết kế bởi Matteo Thun, mang phong cách hiện đại và sang trọng nhưng cũng rất trẻ trung với nhiều màu sắc\r\n- Lưng ghế polycarbonate được nhập khẩu trực tiếp từ Ý\r\n- Chân ghế và hoàn thiện tại nhà máy Segis tại Việt Nam.\r\n- Ghế xếp chồng lên nhau được: max 20 cái / chồng\r\n- Kích thước:\r\n     + W.490 x D.575 x H.775 / SH.450\r\n- Chất liệu:\r\n     + Mặt ngồi và lưng: polycarbonate\r\n     + Chân ghế: chân sắt ống fi.18 - fi.35 / chrome\r\n- Màu sắc:\r\n     + Vỏ ghế polycarbonate: Trắng / Đen\r\n     + Chân ghế mạ chromed\r\n- Sử dụng trong nhà, tránh tiếp xúc trực tiếp ánh nắng và ẩm lâu ngày', 0, 0, 0, '2020-07-09 04:58:54', '2020-07-09 04:58:54'),
(53, 'Ghế TOBE', NULL, 100, 2250000, 0, 'ghế TO BE.JPG', 70, 11, 'To-Be được thiết kế bởi nhà thiết kế Archirivolto, ghế là sự kết hợp của chân gỗ Sồi / Nhôm và lưng ngồi bằng nhựa polypropylene có thể tái chế được. ghế có nhiều lựa chọn về màu sắc lưng ghế và có thể bọc nệm mặt ngồi hoặc bọc nệm cả mặt ngồi và lưng ghế phía trước\r\n- Lưng ghế polypropylene được nhập khẩu trực tiếp từ Ý\r\n- Các loại vải và simili bọc ghế được nhập khẩu từ Ý\r\n- Chân ghế và hoàn thiện tại nhà máy Segis tại Việt Nam.\r\n- Ghế xếp chồng lên nhau được\r\n- Kích thước:\r\n     + TO-BE 63: W.580 x D.575 x H.1000 / SH.630\r\n     + TO-BE 75: W.580 x D.575 x H.1120 / SH.750\r\n- Chất liệu:\r\n     + Mặt ngồi và lưng: polypropylene được gia cường bằng sợi thủy tinh trên bề mặt, có thể tái chế được\r\n     + Chân ghế: sắt fi.12mm / sơn tĩnh điện\r\n- Nhiều lựa chọn bọc nệm ghế:\r\n     + Ghế không bọc nệm (polypropylene)\r\n     + Ghế bọc nệm mặt ngồi\r\n     + Ghế bọc nệm cả mặt ngồi và lưng ghế phía trước\r\n- Chất liệu bọc:\r\n     + Vải: ZEN / CORE / COSMOS / CROSS\r\n     + Simili: Spinning / MicroLeather\r\n     + Da bò\r\n- Màu sắc:\r\n     + Vỏ ghế polypropylene: 7F / 7Y / 8H / 8T / 8Q / 8M\r\n     + Chân ghế sắt sơn tĩnh điện: 08 / 18 / 32 / 34 / 36 / 8M / 02\r\n- Sử dụng trong nhà, tránh tiếp xúc trực tiếp ánh nắng và ẩm lâu ngày', 0, 0, 0, '2020-07-09 05:00:25', '2020-07-09 05:00:25'),
(54, 'Ghế DRAGONFLY', NULL, 100, 3050000, 15, 'ghế DRAGONFLY.JPG', 70, 11, 'DRAGONFLY là mẫu ghế tiêu biểu của Segis, do nhà thiết kế Odo Floravanti thiết kế năm 2013 và đã đạt rất nhiều giải thưởng thiết kế lớn. Ghế có rất nhiều màu sắc kết hợp với nhiều loại chân ghế để chọn lựa\r\n- Lưng ghế polypropylene được nhập khẩu trực tiếp từ Ý\r\n- Chân ghế và hoàn thiện tại nhà máy Segis tại Việt Nam.\r\n- Ghế xếp chồng lên nhau được: max 20 cái / chồng\r\n- Kích thước:\r\n     + W.540 x D.540 x H.785 / SH.450\r\n- Chất liệu:\r\n     + Mặt ngồi và lưng: polypropylene được gia cường bằng sợi thủy tinh trên bề mặt, có thể tái chế được\r\n     + Chân ghế: chân sắt ống fi.12 / sơn tĩnh điện\r\n- Các lựa chọn về bọc nệm ghế:\r\n     + Không bọc nệm (polypropylene)\r\n     + Bọc nệm phần ngồi\r\n     + Bọc nệm phần trước của ghế (phần ngồi và lưng trước)\r\n- Chất liệu bọc:\r\n     + Vải ZEN / CORE / COSMOS / CROSS\r\n     + Simili: SPINNING\r\n- Màu sắc:\r\n     + Vỏ ghế polypropylene: 7F / 7Y / 7V / 8R / 8H / 8Q\r\n     + Chân ghế sắt sơn tĩnh điện: 02 / 08 / 18 / 26 / 32 / 34 / 68\r\n- Sử dụng trong nhà, tránh tiếp xúc trực tiếp ánh nắng và ẩm lâu ngày', 0, 0, 0, '2020-07-09 05:02:25', '2020-07-09 05:02:25'),
(55, 'Ghế Nệm RONDA', NULL, 100, 3750000, 0, 'ghế bar bọc nệm.JPG', 70, 11, 'Ronda là ghế ăn của Sketch với vải bọc nệm có thể tháo rời để giặt hoặc thay đổi được\r\nSản phẩm bàn của thương hiệt Sketch - Đan Mạch.\r\n- Kích thước sản phẩm:\r\n     + W.515 x D.530 x H.765 / SH.470\r\n- Chất liệu:\r\n     + Lưng ghế: Flywood, veneer sồi\r\n     + Mặt ngồi: bọc nệm với vỏ nệm tháo rời được\r\n     + Chân ghế: gỗ Sồi\r\n- Màu sắc: Light oak / Black / Walnut\r\n- Vải bọc: Vải Range 1 - 6; Da Range 1 - 4\r\n- Sử dụng trong nhà, tránh tiếp xúc trực tiếp ánh nắng lâu ngày', 0, 0, 0, '2020-07-09 05:05:01', '2020-07-09 05:05:01'),
(56, 'Kệ Giày CERUBO', NULL, 100, 1950000, 0, 'Kệ để giày.JPG', 70, 12, 'CERUBO bắt nguồn từ thị trấn Takumi, ở Hida Takayama, Nhật Bản. Công ty được biết đến với việc thiết kế và sản xuất các sản phẩm Nội thất bằng gỗ thịt với các kỹ năng truyền thống của Nhật Bản. Kỹ năng \"Truyền thống của Nhật Bản\" là \"đặc sản\" của chúng tôi vì chúng đã được phát triển và trau dồi qua nhiều thế hệ của thợ thủ công tại Nhật Bản. Hiện tại, với công nghệ tối tân nhất kết hợp với kỹ năng của các thợ thủ công, chúng tôi luôn mang tới những sản phẩm Nội thất tốt nhất cho khách hàng với giá phải chăng nhất, đó là cam kết của chúng tôi. Và từ ý tưởng tái sử dụng tài nguyên, Cerubo đã cho ra mắt một bộ sưu tập gỗ mang tên PLAM và bộ sưu tập mới đây mang tên Latree, nhà máy đã sử dụng gỗ tái chế để sản xuất những phụ kiện bằng gỗ với những sản phẩm nhỏ xinh, lạ mắt và nhận được sự đánh giá cao từ phía khách hàng.\r\nCerubo, thương hiệu nội thất của Nhật, nhà máy sản xuất tại Việt Nam.\r\n- Kích thước sản phẩm:\r\n+ Ngang: 310  mm\r\n+ Sâu : 300  mm\r\n+ Cao: 650 mm\r\n- Chất liệu: Beech + Walnut / Gỗ dẻ gai + óc chó\r\n- Màu sắc: gỗ tự nhiên\r\n- Sử dụng trong nhà, tránh tiếp xúc trực tiếp ánh nắng và ẩm lâu ngày', 0, 0, 0, '2020-07-09 05:07:55', '2020-07-09 05:07:55'),
(58, 'Kệ Gỗ 4 Ngăn', NULL, 100, 450000, 0, 'kệ gỗ 4 ngăn.JPG', 70, 12, 'CERUBO bắt nguồn từ thị trấn Takumi, ở Hida Takayama, Nhật Bản. Công ty được biết đến với việc thiết kế và sản xuất các sản phẩm Nội thất bằng gỗ thịt với các kỹ năng truyền thống của Nhật Bản. Kỹ năng \"Truyền thống của Nhật Bản\" là \"đặc sản\" của chúng tôi vì chúng đã được phát triển và trau dồi qua nhiều thế hệ của thợ thủ công tại Nhật Bản. Hiện tại, với công nghệ tối tân nhất kết hợp với kỹ năng của các thợ thủ công, chúng tôi luôn mang tới những sản phẩm Nội thất tốt nhất cho khách hàng với giá phải chăng nhất, đó là cam kết của chúng tôi. Và từ ý tưởng tái sử dụng tài nguyên, Cerubo đã cho ra mắt một bộ sưu tập gỗ mang tên PLAM và bộ sưu tập mới đây mang tên Latree, nhà máy đã sử dụng gỗ tái chế để sản xuất những phụ kiện bằng gỗ với những sản phẩm nhỏ xinh, lạ mắt và nhận được sự đánh giá cao từ phía khách hàng.\r\nCerubo, thương hiệu nội thất của Nhật, nhà máy sản xuất tại Việt Nam.\r\n- Kích thước:  Size S D230 x S236 x C110 mm / Size M D230 x S236 x C220 mm\r\n- Chất liệu:  Oak  / Gỗ Sồi\r\n- Màu sắc: Gỗ tự nhiên. Màu sắc sản phẩm thực tế có thể chênh lệch do độ đậm nhạt của từng cây gỗ (tùy thuộc vào tuổi cây). Tuy nhiên độ chênh lệch không đáng kể.\r\n- Xuất xứ: sản xuất tại Việt Nam\r\n- Sử dụng trong nhà, tránh tiếp xúc trực tiếp ánh nắng và ẩm lâu ngày', 0, 0, 0, '2020-07-09 05:11:01', '2020-07-09 05:11:01'),
(59, 'Kệ Gỗ 6 Ngăn', NULL, 50, 930000, 0, 'kệ gỗ 6 ngăn.JPG', 70, 12, 'CERUBO bắt nguồn từ thị trấn Takumi, ở Hida Takayama, Nhật Bản. Công ty được biết đến với việc thiết kế và sản xuất các sản phẩm Nội thất bằng gỗ thịt với các kỹ năng truyền thống của Nhật Bản. Kỹ năng \"Truyền thống của Nhật Bản\" là \"đặc sản\" của chúng tôi vì chúng đã được phát triển và trau dồi qua nhiều thế hệ của thợ thủ công tại Nhật Bản. Hiện tại, với công nghệ tối tân nhất kết hợp với kỹ năng của các thợ thủ công, chúng tôi luôn mang tới những sản phẩm Nội thất tốt nhất cho khách hàng với giá phải chăng nhất, đó là cam kết của chúng tôi. Và từ ý tưởng tái sử dụng tài nguyên, Cerubo đã cho ra mắt một bộ sưu tập gỗ mang tên PLAM và bộ sưu tập mới đây mang tên Latree, nhà máy đã sử dụng gỗ tái chế để sản xuất những phụ kiện bằng gỗ với những sản phẩm nhỏ xinh, lạ mắt và nhận được sự đánh giá cao từ phía khách hàng.\r\nCerubo, thương hiệu nội thất của Nhật, nhà máy sản xuất tại Việt Nam.\r\n- Kích thước:  Size S D230 x S236 x C110 mm / Size M D230 x S236 x C220 mm\r\n- Chất liệu:  Oak  / Gỗ Sồi\r\n- Màu sắc: Gỗ tự nhiên. Màu sắc sản phẩm thực tế có thể chênh lệch do độ đậm nhạt của từng cây gỗ (tùy thuộc vào tuổi cây). Tuy nhiên độ chênh lệch không đáng kể.\r\n- Xuất xứ: sản xuất tại Việt Nam\r\n- Sử dụng trong nhà, tránh tiếp xúc trực tiếp ánh nắng và ẩm lâu ngày', 0, 0, 0, '2020-07-09 05:12:42', '2020-07-09 05:12:42'),
(60, 'Kệ Gỗ', NULL, 60, 2000000, 0, 'kệ gỗ.JPG', 70, 12, 'CERUBO bắt nguồn từ thị trấn Takumi, ở Hida Takayama, Nhật Bản. Công ty được biết đến với việc thiết kế và sản xuất các sản phẩm Nội thất bằng gỗ thịt với các kỹ năng truyền thống của Nhật Bản. Kỹ năng \"Truyền thống của Nhật Bản\" là \"đặc sản\" của chúng tôi vì chúng đã được phát triển và trau dồi qua nhiều thế hệ của thợ thủ công tại Nhật Bản. Hiện tại, với công nghệ tối tân nhất kết hợp với kỹ năng của các thợ thủ công, chúng tôi luôn mang tới những sản phẩm Nội thất tốt nhất cho khách hàng với giá phải chăng nhất, đó là cam kết của chúng tôi. Và từ ý tưởng tái sử dụng tài nguyên, Cerubo đã cho ra mắt một bộ sưu tập gỗ mang tên PLAM và bộ sưu tập mới đây mang tên Latree, nhà máy đã sử dụng gỗ tái chế để sản xuất những phụ kiện bằng gỗ với những sản phẩm nhỏ xinh, lạ mắt và nhận được sự đánh giá cao từ phía khách hàng.\r\nCerubo, thương hiệu nội thất của Nhật, nhà máy sản xuất tại Việt Nam.\r\n- Kích thước sản phẩm:\r\n+ Ngang: 900 mm\r\n+ Sâu: 395 mm\r\n+ Cao: 1300 mm\r\n- Chất liệu:  Oak / Gỗ sồi\r\n- Màu sắc: gỗ tự nhiên\r\n- Sử dụng trong nhà, tránh tiếp xúc trực tiếp ánh nắng và ẩm lâu ngày', 0, 0, 0, '2020-07-09 05:14:37', '2020-07-09 05:14:37'),
(61, 'Kệ TV HOM', NULL, 25, 8500000, 0, 'kệ ti vi HOM.JPG', 70, 12, 'HOM là kệ ti vi nhỏ trong phòng ngủ. Tủ / kệ làm bằng gỗ Óc chó hoặc Sồi và MDF veneer. Kệ có 2 kích thước là 1m2 và 1m5.\r\n- Kích thước sản phẩm:\r\n     + HOM 120: W.1200 x D.400 x H.500\r\n     + HOM 150: W.1500 x D.400 x H.500\r\n- Chất liệu:\r\n     + Gỗ Óc chó hoặc Sồi / veneer\r\n- Màu sắc: Walnut / Sồi\r\n- Sử dụng trong nhà, tránh tiếp xúc trực tiếp ánh nắng và ẩm lâu ngày', 0, 0, 0, '2020-07-09 05:16:10', '2020-07-09 05:16:10'),
(62, 'Kệ TV MING', NULL, 80, 5800000, 0, 'kệ ti vi MING.JPG', 70, 12, 'MING là bộ sưu tập tủ đầu giường và kệ ti vi nhỏ trong phòng ngủ. Tủ / kệ làm bằng gỗ Sồi và MDF veneer Sồi.\r\n- Kích thước sản phẩm:\r\n     + W.900 x D.350 x H.380\r\n- Chất liệu:\r\n     + Khung tủ bằng MDF veneer Sồi\r\n     + Chân tủ bằng gỗ Sồi\r\n- Màu sắc: gỗ tự nhiên\r\n- Sử dụng trong nhà, tránh tiếp xúc trực tiếp ánh nắng và ẩm lâu ngày', 0, 0, 0, '2020-07-09 05:17:16', '2020-07-09 05:17:16'),
(63, 'Kệ TV SAGO', NULL, 50, 16400000, 25, 'Kệ ti vi.JPG', 70, 12, 'SAGO là kệ ti vi thiết kế mảnh mai, phù hợp cho mọi không gian Phòng ngủ, phòng khách. Tủ / kệ làm bằng gỗ Óc chó và gỗ Sồi.\r\n- Kích thước sản phẩm:\r\n     + W.1800 x D.450 x H.400\r\n- Chất liệu:\r\n     + Gỗ Sồi / Oak\r\n- Màu sắc: màu gỗ tự nhiên\r\n- Sử dụng trong nhà, tránh tiếp xúc trực tiếp ánh nắng và ẩm lâu ngày', 0, 0, 0, '2020-07-09 05:18:38', '2020-07-09 05:18:38'),
(64, 'Kệ Tròn', NULL, 100, 1600000, 0, 'kệ tròn.JPG', 70, 12, 'Kệ sắt Lux dùng để trưng cây cảnh, chứa đồ và có thể dùng cho nhiều mục đích khác.\r\n- Kích thước sản phẩm:\r\n     + Dia.400 - H.190 / 505\r\n     + Khối lượng: 9 kg\r\n- Chất liệu: thép 2 mm / sơn tĩnh điện\r\n- Màu sắc: Đen / Xanh đen / Trắng', 0, 0, 0, '2020-07-09 05:21:18', '2020-07-09 05:21:18'),
(65, 'Kệ Trưng Cây', NULL, 20, 1750000, 0, 'Kệ trưng cây.JPG', 70, 12, 'Kệ sắt Lux dùng để trưng cây cảnh, chứa đồ và có thể dùng cho nhiều mục đích khác.\r\n- Kích thước sản phẩm:\r\n     + L.600 x W.250 x H.160 / 650\r\n     + Khối lượng: 14 kg\r\n- Chất liệu: thép 2 mm / sơn tĩnh điện\r\n- Màu sắc: Xám nhạt / Xanh đen / Trắng', 0, 0, 0, '2020-07-09 05:22:29', '2020-07-09 05:22:29'),
(66, 'Cây Treo Vật Dụng', NULL, 50, 500000, 0, 'cây treo vật dụng.JPG', 70, 13, 'CERUBO bắt nguồn từ thị trấn Takumi, ở Hida Takayama, Nhật Bản. Công ty được biết đến với việc thiết kế và sản xuất các sản phẩm Nội thất bằng gỗ thịt với các kỹ năng truyền thống của Nhật Bản. Kỹ năng \"Truyền thống của Nhật Bản\" là \"đặc sản\" của chúng tôi vì chúng đã được phát triển và trau dồi qua nhiều thế hệ của thợ thủ công tại Nhật Bản.\r\n- Kích thước sản phẩm:\r\n+ Đường kính: 120 mm\r\n+ Cao: 290 mm\r\n- Chất liệu: Walnut / Gỗ óc chó\r\n- Màu sắc: gỗ tự nhiên\r\n- Sử dụng trong nhà, tránh tiếp xúc trực tiếp ánh nắng và ẩm lâu ngày', 0, 0, 0, '2020-07-09 05:24:56', '2020-07-09 05:24:56'),
(67, 'Dung Dịch Làm Sạch Vải', NULL, 50, 450000, 0, 'dung dịch làm sạch vải.JPG', 70, 13, 'Giúp loại bỏ tất cả các loại vết bẩn ra khỏi vải / nệm (Rượu, dầu, nước sốt,..)\r\n- Dung tích 1 lít\r\n- Đóng chai nhựa dạng phun sương', 0, 0, 0, '2020-07-09 05:26:33', '2020-07-09 05:26:33'),
(68, 'Dung Dịch Vệ Sinh Gỗ', NULL, 50, 450000, 0, 'dung dịch vệ sinh gỗ.JPG', 70, 13, 'Dùng để làm sạch gỗ trước khi sử dụng dung dịch bảo vệ hay dung dịch phủ bề mặt gỗ.\r\n- Dung tích 1 lít\r\n- Đóng chai nhựa dạng phun sương', 0, 0, 0, '2020-07-09 05:27:50', '2020-07-09 05:27:50'),
(69, 'Gối KEZ /40 x40', NULL, 50, 350000, 0, 'gối 2.JPG', 70, 13, 'Gối sử dụng với ngoại thất ngoài trời của LifestyleGarden.\r\n- Kích thước:\r\n     + L.400 x W.400 x H.70\r\n- Chất liệu: Polyester\r\n- Có dây khóa zipper', 0, 0, 0, '2020-07-09 05:29:22', '2020-07-09 05:29:22'),
(70, 'Gối KEZ /40 x40', NULL, 50, 350000, 0, 'gối 3.JPG', 70, 13, 'Gối sử dụng với ngoại thất ngoài trời của LifestyleGarden.\r\n- Kích thước:\r\n     + L.400 x W.400 x H.70\r\n- Chất liệu: Polyester\r\n- Có dây khóa zipper', 0, 0, 0, '2020-07-09 05:30:07', '2020-07-09 05:30:07'),
(71, 'Gối KEZ /40 x40', NULL, 50, 400000, 0, 'gối 4.JPG', 70, 13, 'Gối sử dụng với ngoại thất ngoài trời của LifestyleGarden.\r\n- Kích thước:\r\n     + L.400 x W.400 x H.70\r\n- Chất liệu: Polyester\r\n- Có dây khóa zipper', 0, 0, 0, '2020-07-09 05:30:42', '2020-07-09 05:30:42'),
(72, 'Gối KEZ /40 x40', NULL, 25, 250000, 0, 'gối KEZ.JPG', 70, 13, 'Gối sử dụng với ngoại thất ngoài trời của LifestyleGarden.\r\n- Kích thước:\r\n     + L.400 x W.400 x H.70\r\n- Chất liệu: Polyester\r\n- Có dây khóa zipper', 0, 0, 0, '2020-07-09 05:31:08', '2020-07-09 05:31:08'),
(73, 'Hộp Trang Sức 3 Ngăn', NULL, 50, 970000, 15, 'hộp đựng trang sức 3 ngăn.JPG', 70, 13, 'CERUBO bắt nguồn từ thị trấn Takumi, ở Hida Takayama, Nhật Bản. Công ty được biết đến với việc thiết kế và sản xuất các sản phẩm Nội thất bằng gỗ thịt với các kỹ năng truyền thống của Nhật Bản. Kỹ năng \"Truyền thống của Nhật Bản\" là \"đặc sản\" của chúng tôi vì chúng đã được phát triển và trau dồi qua nhiều thế hệ của thợ thủ công tại Nhật Bản. Hiện tại, với công nghệ tối tân nhất kết hợp với kỹ năng của các thợ thủ công, chúng tôi luôn mang tới những sản phẩm Nội thất tốt nhất cho khách hàng với giá phải chăng nhất, đó là cam kết của chúng tôi. Và từ ý tưởng tái sử dụng tài nguyên, Cerubo đã cho ra mắt một bộ sưu tập gỗ mang tên PLAM và bộ sưu tập mới đây mang tên Latree, nhà máy đã sử dụng gỗ tái chế để sản xuất những phụ kiện bằng gỗ với những sản phẩm nhỏ xinh, lạ mắt và nhận được sự đánh giá cao từ phía khách hàng.\r\nCerubo, thương hiệu nội thất của Nhật, nhà máy sản xuất tại Việt Nam.\r\n- Kích thước sản phẩm:\r\n+ Rộng: 208 mm\r\n+ Sâu: 180 mm\r\n+ Cao: 66 mm\r\n- Chất liệu: Walnut / Gỗ óc chó\r\n- Màu sắc: gỗ tự nhiên\r\n- Sử dụng trong nhà, tránh tiếp xúc trực tiếp ánh nắng và ẩm lâu ngày', 0, 0, 0, '2020-07-09 05:32:20', '2020-07-09 05:32:20'),
(74, 'Hộp Trang Sức WALNUT', NULL, 25, 1920000, 0, 'hộp đựng trang sức.JPG', 70, 13, 'CERUBO bắt nguồn từ thị trấn Takumi, ở Hida Takayama, Nhật Bản. Công ty được biết đến với việc thiết kế và sản xuất các sản phẩm Nội thất bằng gỗ thịt với các kỹ năng truyền thống của Nhật Bản.\r\n- Kích thước sản phẩm:\r\n+ Rộng: 250 mm\r\n+ Sâu: 220 mm\r\n+ Cao: 260 mm\r\n- Chất liệu: Walnut / Gỗ óc chó\r\n- Màu sắc: gỗ tự nhiên\r\n- Sử dụng trong nhà, tránh tiếp xúc trực tiếp ánh nắng và ẩm lâu ngày', 0, 0, 0, '2020-07-09 05:33:37', '2020-07-09 05:33:37'),
(76, 'Bộ Sofa PALAU', NULL, 100, 46000000, 0, '2.jpg', 71, 14, 'PALAU\r\nSự kết hợp tuyệt vời giữa sự thoải mái và thiết kế\r\nĐược làm từ nhôm tấm, hoàn thiện thủ công để mang tới sự hoàn hảo cho sản phẩm với sự cân đối giữa hình dạng sản phẩm và hình học. Sự kết hợp giữa gỗ Teak và nhôm giúp PALAU là dòng sản phẩm chất liệu Nhôm cao cấp nhất của LifestyleGarden; cho một không gian sang trọng nhất\r\n- Sofa / Sofa ngoài trời / Sofa hồ bơi\r\n- Bàn coffee / Bàn hồ bơi.\r\n- Bộ gồm 2 module sofa cánh Trái/Phải, 1 module góc và 1 bàn coffee 100\r\n- Kích thước sản phẩm:\r\n     + Sofa: L.2600 x W.2600 x D.870 x H.650\r\n          + Module trái / phải: L.1490 x D.870 x H.650 / 22.5 kg\r\n          + Module góc: L.1100 x W.1100 x H.650 / 19.7 kg\r\n     + Bàn coffee: L.1030 x W.1030 x H.450 / 17.4 kg\r\n- Chất liệu:\r\n     + Khung ghế: Nhôm\r\n     + Ghế: Olefin thấm nước tốt, nhanh khô\r\n     + Khung bàn: Nhôm\r\n     + Mặt bàn: gỗ Teak FSC\r\n- Màu sắc: Dark Grey\r\n- Sử dụng trong mọi loại thời tiết / sử dụng ngoài trời và trong nhà ', 0, 0, 0, '2020-07-09 05:48:51', '2020-07-09 06:33:59'),
(78, 'Bộ Sofa MORELLA', NULL, 50, 25000000, 0, '6.jpg', 71, 14, 'Sau thành công của dòng sản phẩm SOLANA, MORELLA sử dụng cùng một sự kết hợp của các vật liệu nhưng với một thiết kế cong, mềm mại và tông màu ấm hơn SOLANA. Toàn bộ dòng sản phẩm MORELLA đều không cần bảo dưỡng, chống bẩn và chống trầy xước tốt. Sau vài năm sử dụng, các sản phẩm đều trông như mới\r\n- Ghế ăn / Ghế ngoài trời / Ghế bar ngoài trời / Ghế tắm nắng\r\n- Sofa / Sofa ngoài trời / Sofa hồ bơi\r\n- Bàn ăn / Bàn ăn ngoài trời / Bàn ban công / Bàn bar ngoài trời / Bàn hồ bơi.\r\n- Bộ 1 bàn coffee 88 cm và 1 bộ sofa góc\r\n- Kích thước sản phẩm:\r\n     + Bàn: W.880 x D.880 x H.420 / 11.3 kg\r\n     + Ghế: L.2104 x W.2105 x D.776 x H.739 / 48.5 kg\r\n- Chất liệu:\r\n     + Khung bàn / ghế: Nhôm\r\n     + Mặt bàn: Duraboard, chống bẩn và chống trầy\r\n     + Nệm ghế: Olefin thấm nước tốt, nhanh khô\r\n- Màu sắc: Clay Taupe\r\n- Sử dụng trong mọi loại thời tiết / sử dụng ngoài trời và trong nhà', 0, 0, 0, '2020-07-09 05:58:48', '2020-07-09 05:58:48'),
(79, 'Bộ Sofa PORTALS', NULL, 0, 20500000, 30, '8.jpg', 71, 14, 'Sự pha trộn hoàn hảo của nhôm đúc mạnh mẽ, gỗ Teak FSC kết hợp với nệm Olefin cao cấp mang tới cho người sử dụng cảm giác thoải mái và hiện đại. Dòng sản phẩm Portals light cung cấp sự kết hợp vô tận từ các modules ghế, cho cả hệ thống ghế Sofa lẫn ghế ăn ngoài trời.\r\n- Kích thước sản phẩm:\r\n     + Sofa: L.1722 x D.777 x H.731 / 17.8 kg\r\n     + Bàn coffee: L.716 x W.716 x H.325 / 8.8 kg\r\n- Chất liệu:\r\n     + Thân ghế: Nhôm đúc\r\n     + Mặt bàn nhỏ: gỗ Teak FSC\r\n     + Nện ghế: Olefin thấm nước tốt, mau khô\r\n     + Khung bàn: Nhôm đúc\r\n     + Mặt bàn: gỗ Teak FSC\r\n- Màu sắc: Coral sand\r\n- Lưng ghế có thể thay đổi nhiều vị trí linh hoạt\r\n- Sử dụng trong mọi loại thời tiết / sử dụng ngoài trời và trong nhà', 0, 0, 0, '2020-07-09 06:01:27', '2020-07-09 06:01:27'),
(80, 'Bộ Sofa SOLANA', NULL, 100, 24850000, 0, '7.jpg', 71, 14, 'Solana là sự kết hợp hoàn hảo của Nhôm và Duraboard, làm cho bộ sưu tập này thêm mạnh mẽ nhưng không cần phải bảo dưỡng thường xuyên; vì chúng tôi biết bạn muốn tập trung vào sự tận hưởng và thư giãn. Sản phẩm được sản xuất để tồn tại trong nhiều năm dài, hãy để Solana là một phần trong cuộc sống của bạn.\r\n- Bộ sản phẩm gồm: 1 sofa góc và 1 bàn coffee 88 cm\r\n- Kích thước sản phẩm:\r\n     + Sofa góc: W.2144 x D.2144 x H.739 / 48.5 kg\r\n     + Bàn coffee: W.877 x D.877 x H.420 / 11.3 kg\r\n- Chất liệu:\r\n     + Khung bàn / ghế: Nhôm\r\n     + Mặt bàn: Duraboard; chống bẩn và chống trầy\r\n     + Nệm ghế: Olefin thấm nước tốt, nhanh khô\r\n- Màu sắc: Cosmos\r\n- Sử dụng trong mọi loại thời tiết / sử dụng ngoài trời và trong nhà', 0, 0, 0, '2020-07-09 06:08:56', '2020-07-09 06:08:56'),
(81, 'Bộ Sofa ARUBA', NULL, 100, 25950000, 10, 'beda79_bfbc749a24cc4bfd8d47537154f37398_mv2.webp', 71, 14, 'Đặc trưng của bộ sưu tập ARUBA là đan bởi sợi Petan đôi, hoàn thiện với tông màu xám vượt thời gian kết hợp với nệm mảnh mai mang tới sự thoải mái và bền bỉ. Cho dù bạn có một sân thượng nhỏ hay một khu vườn lớn, ARUBA đều có những lựa chọn phù hợp với không gian của bạn\r\n- Sofa / Sofa ngoài trời / Sofa hồ bơi\r\n- Bàn coffee / Bàn hồ bơi\r\n- Ghế ăn / Ghế thư giãn\r\n- Bộ sản phẩm gồm 1 sofa góc và 1 bàn 150\r\n- Kích thước sản phẩm:\r\n     + Sofa góc: L.2380 x W.1830 x D.745 x H.810 / 37 kg\r\n     + Bàn: L.1500 x D.765 x H.666 / 23 kg\r\n- Chất liệu:\r\n     + Khung bàn / ghế: Nhôm\r\n     + Sợi đan: Petan đôi bán nguyệt 8 mm\r\n     + Nệm ghế: Poliester 220 gr\r\n     + Mặt bàn: Duraboard chống bẩn, chống trầy và chống UV\r\n- Màu sắc: Xám nhạt / Grey birch\r\n- Sử dụng trong mọi loại thời tiết / sử dụng ngoài trời và trong nhà', 0, 0, 0, '2020-07-09 06:13:59', '2020-07-09 06:13:59'),
(82, 'Bộ Sofa MARTINIQUE', NULL, 510, 38950000, 0, 'beda79_2b056d5a329b4794823e4394647b2ab5_mv2_d_2247_1500_s_2.webp', 71, 14, 'MARTINIQUE\r\nThiết kế tinh tế với những vật liệu mạnh mẽ và chắc chắn\r\nHoàn hỏa cho việc giải trí hoặc thư giãn hàng ngày trong không gian ngoài trời của ngôi nhà, bộ sưu tập Martinique là sự bổ sung thanh lịch vĩnh cửu cho các sản phẩm của LifestyleGarden. Một sự pha trộn hoàn hảo của các cạnh tròn tinh tế và các đệm ngồi sâu và thoải mái, giúp cho chỗ ngồi thư giãn và linh hoạt. Khung ghế / bàn chống rỉ và sợi Petan (giả mây) có thể tái chế 100% giúp bảo vệ môi trường tối đa.\r\n- Ghế ăn / Ghế ngoài trời / Ghế tắm nắng\r\n- Sofa / Sofa ngoài trời / Sofa hồ bơi\r\n- Bàn ăn / Bàn ăn ngoài trời / Bàn ban công / Bàn bar ngoài trời / Bàn hồ bơi.\r\n- Bộ sản phẩm bao gồm: 1 bàn coffee 90 bằng gỗ Teak và 1 sofa góc\r\n- Kích thước sản phẩm:\r\n     + Sofa: W.2525 x L.2525 x D.860 x H.795 / 60.5 kg\r\n     + Bàn coffee: W.900 x D.900 x H.450 / 25.25 kg\r\n- Chất liệu:\r\n     + Khung ghế: Nhôm\r\n     + Dây đan: Petan bán nguyệt 6mm\r\n     + Nệm ngồi: Olefin thấm nước tốt, nhanh khô\r\n     + Bàn: gỗ Teak tái chế\r\n- Màu sắc: Vàng\r\n- Sử dụng trong mọi loại thời tiết / sử dụng ngoài trời và trong nhà', 0, 0, 0, '2020-07-09 06:16:56', '2020-07-09 06:16:56'),
(85, 'Bộ Bàn Ghế SALOMON', NULL, 50, 6850000, 0, '9.jpg', 71, 15, 'Một sự thể hiện lại của cặp sản phẩm bán chạy nhất của chúng tôi, Salomon sử dụng tông màu tương tự với Solana nhưng thay đổi vài chi tiết. Sử dụng mặt bàn gỗ, Salomon mang đến trải nghiệm bữa ăn một cách thẩm mỹ độc đáo. Bạn có thể phối hợp hai dòng sản phẩm Salomon và Solana để có đa dạng sự lựa chọn với việc bảo trì các sản phẩm ngoài trời một cách tối thiểu nhất; mang đến sự hưởng thụ không gian sân vườn của bạn một cách thoải mái vô lo.\r\n- Bộ sản phẩm: gồm 1 bàn và 2 ghế\r\n- Kích thước sản phẩm:\r\n     + Bàn: L.700 x D.700 x H.732 / 12 kg\r\n     + Ghế: W.583 x D.632 x H.907 / 3.1 kg\r\n- Chất liệu:\r\n     + Khung bàn và mặt bàn: Nhôm\r\n     + Ghế: Nhôm\r\n- Màu sắc: Cosmos\r\n- Mặt bàn gập lại được\r\n- Sử dụng trong mọi loại thời tiết / sử dụng ngoài trời và trong nhà', 0, 0, 0, '2020-07-09 06:35:17', '2020-07-09 06:35:17'),
(86, 'Bộ Bàn Ghế MAIU', NULL, 0, 14800000, 45, '10.jpg', 71, 15, 'Một sự thể hiện lại của cặp sản phẩm bán chạy nhất của chúng tôi, Maiu sử dụng tông màu tương tự với Morella nhưng thay đổi vài chi tiết. Sử dụng mặt bàn gỗ, Maiu mang đến trải nghiệm bữa ăn một cách thẩm mỹ độc đáo. Bạn có thể phối hợp hai dòng sản phẩm Maiu và Morella để có đa dạng sự lựa chọn với việc bảo trì các sản phẩm ngoài trời một cách tối thiểu nhất; mang đến sự hưởng thụ không gian sân vườn của bạn một cách thoải mái vô lo.\r\n- Bộ sản phẩm: gồm 1 bàn vuông 88 và 4 ghế gấp\r\n- Kích thước sản phẩm:\r\n     + Bàn: L.877 x D.873 x H.744 / 13.2 kg\r\n     + Ghế: W.607 x D.716 x H.1079 / 5.6 kg\r\n- Chất liệu:\r\n     + Khung bàn: Nhôm đúc\r\n     + Mặt bàn: gỗ Tràm\r\n     + Ghế: Nhôm\r\n- Màu sắc: Clay taupe\r\n- Sử dụng trong mọi loại thời tiết / sử dụng ngoài trời và trong nhà', 0, 0, 0, '2020-07-09 06:37:10', '2020-07-09 06:37:10'),
(87, 'Bộ Bàn Ghế PORTALS', NULL, 50, 16500000, 0, '11.jpg', 71, 15, 'PORTALS DARK\r\nMang sự tinh tế và hiện đại vào không gian sống ngoài trời\r\nSự pha trộn hoàn hảo của nhôm đúc mạnh mẽ, gỗ Teak FSC kết hợp với nệm Olefin cao cấp mang tới cho người sử dụng cảm giác thoải mái và hiện đại. Dòng sản phẩm Portals dark cung cấp sự kết hợp vô tận từ các modules ghế, cho cả hệ thống ghế Sofa lẫn ghế ăn ngoài trời.\r\n- Bộ sản phẩm: 1 bàn vuông, 6 ghế ăn\r\n- Kích thước sản phẩm:\r\n     + Bàn: L.700 x W.700 x H.732 / 12 kg\r\n     + Ghế: W.548 x D.544 x H.798 / 4.4 kg\r\n- Chất liệu:\r\n     + Khung bàn và mặt bàn: Nhôm\r\n     + Thân ghế: Polypropylene\r\n- Màu sắc: Black\r\n- Ghế ăn không bao gồm nệm\r\n- Mặt bàn gập lại được\r\n- Sử dụng trong mọi loại thời tiết / sử dụng ngoài trời và trong nhà', 0, 0, 0, '2020-07-09 06:39:35', '2020-07-09 06:39:35'),
(88, 'Bộ Bàn Ghế BAYA', NULL, 100, 9500000, 5, '12.jpg', 71, 15, 'Sự pha trộn hoàn hảo của nhôm đúc mạnh mẽ, gỗ Teak FSC kết hợp với nệm Olefin cao cấp mang tới cho người sử dụng cảm giác thoải mái và hiện đại. Dòng sản phẩm Portals dark cung cấp sự kết hợp vô tận từ các modules ghế, cho cả hệ thống ghế Sofa lẫn ghế ăn ngoài trời.\r\n- Bộ sản phẩm: 1 bàn , 4 ghế \r\n- Kích thước sản phẩm:\r\n     + Bàn: L.700 x W.700 x H.732 / 12 kg\r\n     + Ghế: W.548 x D.544 x H.798 / 4.4 kg\r\n- Chất liệu:\r\n     + Khung bàn và mặt bàn: Nhôm\r\n     + Thân ghế: Polypropylene\r\n- Màu sắc: Black\r\n- Ghế ăn không bao gồm nệm\r\n- Mặt bàn gập lại được\r\n- Sử dụng trong mọi loại thời tiết / sử dụng ngoài trời và trong nhà', 0, 0, 0, '2020-07-09 06:43:23', '2020-07-09 06:43:23'),
(89, 'Ghế CLOUND', NULL, 50, 1500000, 0, '36.jpg', 71, 16, 'CLOUND được thiết kế bởi Carlo Bartoli. Đây là chiếc ghế phù hợp với không gian nhà hàng và quán cà phê.\r\n- Ghế có thể xếp chồng lên nhau được: max 20 ghế / chồng\r\n- Kích thước:\r\n     + W.560 x D.510 x H.765 / AH.650 / SH.450\r\n- Chất liệu:\r\n     + Mặt ngồi và lưng: polypropylene có thể tái chế được\r\n     + Chân ghế: chân sắt fi.25mm / sơn tĩnh điện / chromed\r\n- Màu sắc:\r\n     + Vỏ ghế polypropylene: 7A / 7P / 7E\r\n     + Chân ghế sắt sơn tĩnh điện: đen / bạc / chromed\r\n- Sử dụng trong nhà hoặc ngoài trời', 0, 0, 0, '2020-07-09 06:57:17', '2020-07-09 06:57:17'),
(90, 'Ghế NASSAU', NULL, 25, 1800000, 0, '31.png', 71, 16, 'Lấy cảm hứng từ những ngôi nhà đầy màu sắc của thành phố Caribbean này, Nassau là sự kết hợp hoàn hảo của màu pastel pha trộn với gỗ Bạch đàn hoặc gỗ cứng Teak. Bộ sưu tập này đã sẵn sàng để thêm gia vị cho mọi không gian đô thị, dù lớn hay nhỏ và thắp sáng khu vực ngoài trời của bạn. Nassau mang lại sự tươi, trẻ và sẵn sàng đem tới những khoảng thời gian tận hưởng thoải mái nhất trong khu vườn của bạn.\r\n- Kích thước sản phẩm:\r\n     + W.544 x D.548 x H.798 / 4.8 kg\r\n- Chất liệu:\r\n     + Thân ghế: Polypropylene\r\n     + Chân ghế: Gỗ Tràm phủ 2 lớp\r\n- Màu sắc: Sage green\r\n- Sản phẩm không bao gồm nệm\r\n- Sử dụng trong mọi loại thời tiết / sử dụng ngoài trời và trong nhà', 0, 0, 0, '2020-07-09 07:00:04', '2020-07-09 07:00:04'),
(91, 'Ghế Băng Dài SUMMER', NULL, 100, 12000000, 20, '34.jpg', 71, 16, 'Hoàn hỏa cho việc giải trí hoặc thư giãn hàng ngày trong không gian ngoài trời của ngôi nhà, bộ sưu tập Martinique là sự bổ sung thanh lịch vĩnh cửu cho các sản phẩm của LifestyleGarden. Một sự pha trộn hoàn hảo của các cạnh tròn tinh tế và các đệm ngồi sâu và thoải mái, giúp cho chỗ ngồi thư giãn và linh hoạt. Khung ghế / bàn chống rỉ và sợi Petan (giả mây) có thể tái chế 100% giúp bảo vệ môi trường tối đa.\r\n- Kích thước sản phẩm:\r\n     + W.1585 x D.655 x H.890 / 23.2 kg\r\n- Chất liệu:\r\n     + Khung ghế: gỗ Teak FSC\r\n- Không bao gồm nệm\r\n- Màu sắc: gỗ tự nhiên\r\n- Sử dụng trong mọi loại thời tiết / sử dụng ngoài trời và trong nhà', 0, 0, 0, '2020-07-09 07:01:58', '2020-07-09 07:01:58'),
(92, 'Ghế Thư Giãn SOLANA', NULL, 100, 2900000, 15, '33.jpg', 71, 16, 'Solana là sự kết hợp hoàn hảo của Nhôm và Duraboard, làm cho bộ sưu tập này thêm mạnh mẽ nhưng không cần phải bảo dưỡng thường xuyên; vì chúng tôi biết bạn muốn tập trung vào sự tận hưởng và thư giãn. Sản phẩm được sản xuất để tồn tại trong nhiều năm dài, hãy để Solana là một phần trong cuộc sống của bạn.\r\n- Ghế có thể gấp lại\r\n- Lưng ghế có thể điều chỉnh 5 vị trí nghiêng khác nhau\r\n- Kích thước sản phẩm:\r\n     + W.606 x D.701 x H.1057 / 5.5 kg\r\n- Chất liệu:\r\n     + Khung ghế: Nhôm\r\n     + Mặt ngồi: tấm đan Polypropylene có độn bọt biển\r\n- Màu sắc: Cosmos\r\n- Sử dụng trong mọi loại thời tiết / sử dụng ngoài trời và trong nhà', 0, 0, 0, '2020-07-09 07:04:14', '2020-07-09 07:04:14'),
(93, 'Bộ Bàn Ghế ARUBA', NULL, 50, 20950000, 35, '14.jpg', 71, 17, 'Đặc trưng của bộ sưu tập ARUBA là đan bởi sợi Petan đôi, hoàn thiện với tông màu xám vượt thời gian kết hợp với nệm mảnh mai mang tới sự thoải mái và bền bỉ. Cho dù bạn có một sân thượng nhỏ hay một khu vườn lớn, ARUBA đều có những lựa chọn phù hợp với không gian của bạn\r\n- Sofa / Sofa ngoài trời / Sofa hồ bơi\r\n- Bàn coffee / Bàn hồ bơi\r\n- Ghế ăn / Ghế thư giãn\r\n- Bộ bàn ghế gồm 1 bàn 150 và 6 ghế ăn\r\n- Kích thước sản phẩm:\r\n     + Bàn: L.1500 x D.765 x H.666 / 23 kg\r\n     + Ghế: W.640 x D.630 x H.875 / 5.3 kg\r\n- Chất liệu:\r\n     + Khung bàn / ghế: Nhôm\r\n     + Sợi đan: Petan đôi bán nguyệt 8 mm\r\n     + Mặt bàn: Duraboard (Polyethylene and FSC sawdust) / chống bám bẩn, chống trầy và chống UV\r\n     + Nệm ghế: Poliester\r\n- Màu sắc: Xám nhạt / Grey birch\r\n- Sử dụng trong mọi loại thời tiết / sử dụng ngoài trời và trong nhà', 0, 0, 0, '2020-07-09 07:07:00', '2020-07-09 07:07:00');
INSERT INTO `product` (`id`, `name`, `slug`, `soluong`, `gia`, `sale`, `avatar`, `category`, `type`, `content`, `head`, `view`, `hot`, `created_at`, `updata_up`) VALUES
(94, 'Bộ Bàn Ăn SANY', NULL, 100, 18950000, 0, '20.jpg', 71, 17, 'Hoàn hỏa cho việc giải trí hoặc thư giãn hàng ngày trong không gian ngoài trời của ngôi nhà, bộ sưu tập Martinique là sự bổ sung thanh lịch vĩnh cửu cho các sản phẩm của LifestyleGarden. Một sự pha trộn hoàn hảo của các cạnh tròn tinh tế và các đệm ngồi sâu và thoải mái, giúp cho chỗ ngồi thư giãn và linh hoạt. Khung ghế / bàn chống rỉ và sợi Petan (giả mây) có thể tái chế 100% giúp bảo vệ môi trường tối đa.\r\n- Bộ sản phẩm gồm 1 bàn 2m2 và 2 ghế băng gỗ dài 1m8\r\n- Kích thước sản phẩm:\r\n     + Băng ghế: L.1800 x D.380 x H.450 / 20.5 kg\r\n     + Bàn: L.2200 x D.1000 x H.760 / 60 kg\r\n- Chất liệu:\r\n     + Bàn và băng ghế: gỗ Teak FSC tái chế\r\n- Màu sắc: Espresso\r\n- Sử dụng trong mọi loại thời tiết / sử dụng ngoài trời và trong nhà.', 0, 0, 0, '2020-07-09 07:09:28', '2020-07-09 07:09:28'),
(95, 'Bộ Bàn Ăn Ngoài Trời LUCIA', NULL, 100, 45000000, 0, '16.jpg', 71, 17, 'Hoàn hỏa cho việc giải trí hoặc thư giãn hàng ngày trong không gian ngoài trời của ngôi nhà, bộ sưu tập Martinique là sự bổ sung thanh lịch vĩnh cửu cho các sản phẩm của LifestyleGarden. Một sự pha trộn hoàn hảo của các cạnh tròn tinh tế và các đệm ngồi sâu và thoải mái, giúp cho chỗ ngồi thư giãn và linh hoạt. Khung ghế / bàn chống rỉ và sợi Petan (giả mây) có thể tái chế 100% giúp bảo vệ môi trường tối đa.\r\n- Gồm 1 bàn dài 2m2 và 8 ghế ăn\r\n- Kích thước sản phẩm:\r\n     + Ghế có tay: W.590 x D.615 x H.885 / 7 kg\r\n     + Ghế không tay: W.445 x D.560 x H.935 / 4.7 kg\r\n     + Bàn: L.2200 x D.1000 x H.760 / 60 kg\r\n- Chất liệu:\r\n     + Khung ghế: Nhôm\r\n     + Dây đan: Petan tròn 2 mm\r\n     + Nệm ngồi: Olefin thấm nước tốt, nhanh khô\r\n     + Bàn và chân ghế: gỗ Teak FSC tái chế\r\n- Màu sắc: Espresso\r\n- Sử dụng trong mọi loại thời tiết / sử dụng ngoài trời và trong nhà', 0, 0, 0, '2020-07-09 07:12:39', '2020-07-09 07:12:39'),
(96, 'Bộ Bàn Ăn Ngoài Trời GOAM', NULL, 100, 35000000, 10, '18.jpg', 71, 17, 'Hoàn hỏa cho việc giải trí hoặc thư giãn hàng ngày trong không gian ngoài trời của ngôi nhà, bộ sưu tập Martinique là sự bổ sung thanh lịch vĩnh cửu cho các sản phẩm của LifestyleGarden. Một sự pha trộn hoàn hảo của các cạnh tròn tinh tế và các đệm ngồi sâu và thoải mái, giúp cho chỗ ngồi thư giãn và linh hoạt. Khung ghế / bàn chống rỉ và sợi Petan (giả mây) có thể tái chế 100% giúp bảo vệ môi trường tối đa.\r\n- Bộ sản phẩm gồm 1 bàn và 4 ghế ăn\r\n- Kích thước sản phẩm:\r\n     + Ghế: W.700 x D.600 x H.850 / 9.4 kg\r\n     + Bàn: L.1800 x D.1000 x H.760 / 52.6 kg\r\n- Chất liệu:\r\n     + Khung ghế: Nhôm\r\n     + Dây đan: Petan bán nguyệt 8 mm\r\n     + Nệm ngồi: Olefin thấm nước tốt, nhanh khô\r\n     + Bàn và chân ghế: gỗ Teak FSC tái chế\r\n- Màu sắc: Espresso\r\n- Sử dụng trong mọi loại thời tiết / sử dụng ngoài trời và trong nhà', 0, 0, 0, '2020-07-09 07:15:45', '2020-07-09 07:15:45'),
(97, 'Ghế Hồ Bơi SOLANA', NULL, 100, 5300000, 0, '27.jpg', 71, 18, 'Solana là sự kết hợp hoàn hảo của Nhôm và Duraboard, làm cho bộ sưu tập này thêm mạnh mẽ nhưng không cần phải bảo dưỡng thường xuyên; vì chúng tôi biết bạn muốn tập trung vào sự tận hưởng và thư giãn. Sản phẩm được sản xuất để tồn tại trong nhiều năm dài, hãy để Solana là một phần trong cuộc sống của bạn.\r\n- Kích thước sản phẩm:\r\n     + L.2016 x W.845 x H.928 / 11 kg\r\n- Chất liệu:\r\n     + Khung ghế: Nhôm\r\n     + Mặt nằm: tấm đan Polypropylene\r\n     + Lưng ghế điều chỉnh độ cao được\r\n- Màu sắc: Cosmos\r\n- Sử dụng trong mọi loại thời tiết / sử dụng ngoài trời và trong hồ bơi', 0, 0, 0, '2020-07-09 07:19:14', '2020-07-09 07:19:14'),
(98, 'Ghế Hồ Bơi MORELLA', NULL, 100, 4750000, 0, '28.jpg', 71, 18, 'Sau thành công của dòng sản phẩm SOLANA, MORELLA sử dụng cùng một sự kết hợp của các vật liệu nhưng với một thiết kế cong, mềm mại và tông màu ấm hơn SOLANA. Toàn bộ dòng sản phẩm MORELLA đều không cần bảo dưỡng, chống bẩn và chống trầy xước tốt. Sau vài năm sử dụng, các sản phẩm đều trông như mới.\r\n- Kích thước sản phẩm:\r\n     + L.1806 x W.775 x H.1028 / 9 kg\r\n- Chất liệu:\r\n     + Khung ghế: Nhôm\r\n     + Mặt nằm: tấm đan Polypropylene\r\n     + Lưng ghế điều chỉnh độ cao được\r\n- Màu sắc: Clay Taupe\r\n- Sử dụng trong mọi loại thời tiết / sử dụng ngoài trời và trong hồ bơi ', 0, 0, 0, '2020-07-09 07:26:16', '2020-07-09 07:28:01'),
(99, 'Ghế Hồ Bơi PORTALS', NULL, 100, 6450000, 0, '29.jpg', 71, 18, 'Sự pha trộn hoàn hảo của nhôm đúc mạnh mẽ, gỗ Teak FSC kết hợp với nệm Olefin cao cấp mang tới cho người sử dụng cảm giác thoải mái và hiện đại. Dòng sản phẩm Portals light cung cấp sự kết hợp vô tận từ các modules ghế, cho cả hệ thống ghế Sofa lẫn ghế ăn ngoài trời.\r\n- Kích thước sản phẩm:\r\n     + L.1890 x D.600 x H.853 / 12.2 kg\r\n- Chất liệu:\r\n     + Thân ghế: Nhôm đúc\r\n     + Nện ghế: Olefin thấm nước tốt, mau khô\r\n- Màu sắc: Coral sand\r\n- Lưng ghế có thể nâng hạ linh hoạt\r\n- Sử dụng trong mọi loại thời tiết / sử dụng ngoài trời', 0, 0, 0, '2020-07-09 07:44:33', '2020-07-09 07:44:33'),
(100, 'Ghế Hồ Bơi EVE', NULL, 100, 8450000, 0, '30.jpg', 71, 18, 'Biến không gian ngoài trời của bạn thành thiên đường với bộ sưu tập EVE hoàn toàn mới: dòng sản phẩm đầu tiên của chúng tôi được làm hoàn toàn từ gỗ tếch. Lấy cảm hứng từ thiết kế mang tính biểu tượng của Bắc Âu giữa thế kỷ 20, các đường cong và thon cổ điển của bst Eve gợi lên sự sang trọng hiện đại; được tăng cường bởi sự mịn màng của gỗ Teak FSC ™. Màu sắc mộc mạc truyền thống của gỗ Teak được cân bằng một cách hoàn hảo bởi đệm olefin trong màu xanh ngọc lục bảo, tạo ra một tổng thể hài hòa xóa mờ ranh giới giữa cổ điển và đương đại.\r\n- Kích thước sản phẩm:\r\n     + L.2246 x W.766 x H.872 / 16 kg\r\n- Chất liệu:\r\n     + Thân ghế: gỗ Teak FSC tái chế\r\n- Màu sắc: màu gỗ Teak tự nhiên\r\n- Lưng ghế điều chỉnh lên xuống linh hoạt\r\n- Sản phẩm không bao gồm nệm\r\n- Sử dụng tốt trong mọi loại thời tiết / sử dụng ngoài trời và trong nhà', 0, 0, 0, '2020-07-09 07:47:48', '2020-07-09 07:47:48'),
(101, 'Ghế Hồ Bơi BAHAMAS', NULL, 100, 12300000, 50, '22.jpg', 71, 18, 'Đan thủ công với những sợi giả mây dùng trong mọi điều kiện thời tiết kết hợp với gỗ Teak tái sử dụng và được phủ lên bởi những tấm nệm bọc vải Olefin sang trọng và bền bỉ; BAHAMAS là dòng sản phẩm thượng hạng dùng trong những không gian ngoài trời rộng lớn và sang trọng.\r\n- Kích thước sản phẩm:\r\n     + L.2175 x W.876 x H.838 / 22 kg\r\n- Chất liệu:\r\n     + Khung ghế: Nhôm\r\n     + Sợi đan: Petan bán nguyệt 10 mm\r\n     + Nệm ghế: Olefin thấm nước tốt, nhanh khô\r\n- Màu sắc: Taupe\r\n- Sử dụng trong mọi loại thời tiết / sử dụng ngoài trời và trong nhà', 0, 0, 0, '2020-07-09 07:49:46', '2020-07-09 07:49:46'),
(102, 'Xích Đu Sân Vườn', NULL, 100, 7990000, 5, '39.jpg', 71, 19, '– Thiết kế lòng ghế vuông kết hợp đệm ngồi làm từ vải texilene có độ chịu lực tốt, độ đàn hồi cao. Bổ sung một lớp vải đệm và gối tựa mang lại cảm giác êm ái, thoải mái và cực kì thoáng mát,… Hơn nữa với kích thước thước rộng rãi 200x195x197 cm, phù hợp cho cả gia đình ngồi (từ 3 người) và thư giãn cùng nhau.\r\n– Mái vòm rộng rãi với chất liệu vải polyeste, vừa đủ để hạn chế ánh nắng trời trực tiếp, tạo khoảng không gian mát mẻ; vừa đảm bảo về tín năng chống thấm nước, che chắn khi trời mưa cực kì hiệu quả.\r\n– Khung ghế tam giác vừa giúp chịu lực tốt vừa gọn tiết kiệm diện tích nên đảm bảo được hai yếu tố an toàn và đẹp.\r\n– Chất liệu khung làm từ thép kết hợp công nghệ sơn tĩnh điện với qui trình xử lý bề mặt tốt, qui trình phosphat kẽm bám chắc lên bề mặt kim loại, nên sản phẩm đạt được khả năng chống ăn mòn cao dưới tác động của môi trường hoặc sự ảnh hưởng của các tác nhân hóa học hay thời tiết; có độ bền lâu, độ bóng cao, đạt được màu sắc phong phú, vượt trội hơn cả cả thép không gỉ/inox 201 và 304,… đặc biệt phù hợp cho việc trưng bày và sử dụng ngoài trời.\r\n– Không phải là 1 chiếc xích đu đơn điệu, Triangle Swing Chair với màu đỏ bắt mắt làm nổi bật không gian sân vườn nhà bạn.\r\n– Đây có thể trở thành vị trí yêu thích nhất nhất của cả gia đình khi cha mẹ được nằm thư giãn và bé yêu thoải mái đung đưa, vui đùa với chiếc ghế thư giãn trong không gian thoáng mát ngoài trời.\r\n- Kích thước sản phẩm:\r\n     + W.1950 - D.2000 - H.1970\r\n- Chất liệu: Thép sơn tĩnh điện / vải polyeste\r\n- Màu sắc: Terracotta', 0, 0, 0, '2020-07-09 07:55:23', '2020-07-09 07:55:23'),
(103, 'Ghế Xích Đu', NULL, 51, 6900000, 0, '40.jpg', 71, 19, '– Đệm ngồi làm từ vải texilene có độ chịu lực tốt, độ đàn hồi cao. Bổ sung một lớp vải đệm và gối tựa mang lại cảm giác êm ái, thoải mái và cực kì thoáng mát.\r\n– Khung ghế uốn cong hình bán nguyệt theo dáng của cột sống, định hình dáng nằm cho người và mang lại cảm giác thư giãn cho người sử dụng. Phần chân ghế thiết kế bốn cạnh đem lại hiệu quả cân bằng và chắc chắn.\r\n– Mái vòm với chất liệu vải polyeste đảm bảo về tín năng chống thấm nước kết hợp kiểu dáng cách điệu hình sao bốn cạnh tạo ra hiệu ứng hòa trộn giữa mạnh mẽ và phong cách, sang trọng và quý phái cho tùy đối tượng sử dụng.\r\n', 0, 0, 0, '2020-07-09 07:57:04', '2020-07-09 07:57:04'),
(104, 'Dù Che Nắng', NULL, 50, 8150000, 0, '41.jpg', 71, 19, 'Một sự thể hiện lại của cặp sản phẩm bán chạy nhất của chúng tôi, Salomon sử dụng tông màu tương tự với Solana nhưng thay đổi vài chi tiết. Sử dụng mặt bàn gỗ, Salomon mang đến trải nghiệm bữa ăn một cách thẩm mỹ độc đáo. Bạn có thể phối hợp hai dòng sản phẩm Salomon và Solana để có đa dạng sự lựa chọn với việc bảo trì các sản phẩm ngoài trời một cách tối thiểu nhất; mang đến sự hưởng thụ không gian sân vườn của bạn một cách thoải mái vô lo.\r\n- Kích thước sản phẩm:\r\n     + W.3000 x D.3000 x H.2800 / 16.7 kg\r\n     + Đế dù: W.800 x D.600 x H.150 / 11 kg\r\n- Chất liệu:\r\n     + Khung dù: Nhôm đúc\r\n     + Đế dù: Plastic / chứa nước\r\n- Màu sắc: Cosmos\r\n- Sử dụng trong mọi loại thời tiết / sử dụng ngoài trời\r\n\r\n', 0, 0, 0, '2020-07-09 07:58:27', '2020-07-09 07:58:27'),
(105, 'Dù Che Nắng', NULL, 100, 5930000, 0, '46.jpg', 71, 19, 'Một sự thể hiện lại của cặp sản phẩm bán chạy nhất của chúng tôi, Salomon sử dụng tông màu tương tự với Solana nhưng thay đổi vài chi tiết. Sử dụng mặt bàn gỗ, Salomon mang đến trải nghiệm bữa ăn một cách thẩm mỹ độc đáo. Bạn có thể phối hợp hai dòng sản phẩm Salomon và Solana để có đa dạng sự lựa chọn với việc bảo trì các sản phẩm ngoài trời một cách tối thiểu nhất; mang đến sự hưởng thụ không gian sân vườn của bạn một cách thoải mái vô lo.\r\n- Kích thước sản phẩm:\r\n     + W.3000 x D.3000 x H.2800 / 16.7 kg\r\n     + Đế dù: W.800 x D.600 x H.150 / 11 kg\r\n- Chất liệu:\r\n     + Khung dù: Nhôm đúc\r\n     + Đế dù: Plastic / chứa nước\r\n- Màu sắc: Cosmos\r\n- Sử dụng trong mọi loại thời tiết / sử dụng ngoài trời\r\n', 0, 0, 0, '2020-07-09 07:59:15', '2020-07-09 07:59:15'),
(106, 'Dù Che Nắng', NULL, 100, 6890000, 15, '47.jpg', 71, 19, 'Một sự thể hiện lại của cặp sản phẩm bán chạy nhất của chúng tôi, Salomon sử dụng tông màu tương tự với Solana nhưng thay đổi vài chi tiết. Sử dụng mặt bàn gỗ, Salomon mang đến trải nghiệm bữa ăn một cách thẩm mỹ độc đáo. Bạn có thể phối hợp hai dòng sản phẩm Salomon và Solana để có đa dạng sự lựa chọn với việc bảo trì các sản phẩm ngoài trời một cách tối thiểu nhất; mang đến sự hưởng thụ không gian sân vườn của bạn một cách thoải mái vô lo.\r\n- Kích thước sản phẩm:\r\n     + W.3000 x D.3000 x H.2800 / 16.7 kg\r\n     + Đế dù: W.800 x D.600 x H.150 / 11 kg\r\n- Chất liệu:\r\n     + Khung dù: Nhôm đúc\r\n     + Đế dù: Plastic / chứa nước\r\n- Màu sắc: Cosmos\r\n- Sử dụng trong mọi loại thời tiết / sử dụng ngoài trời\r\n', 0, 0, 0, '2020-07-09 07:59:47', '2020-07-09 07:59:47'),
(108, 'Rương Đựng Đồ ', NULL, 100, 6250000, 10, 'beda79_fe408cd266534690a9e218210235e277_mv2.webp', 71, 19, '- Mặt bằng nâng lên hạ xuống được\r\n- Kích thước sản phẩm:\r\n     + L.1500 x D.765 x H.705 / 19.5 kg\r\n\r\nĐặc trưng của bộ sưu tập ARUBA là đan bởi sợi Petan đôi, hoàn thiện với tông màu xám vượt thời gian kết hợp với nệm mảnh mai mang tới sự thoải mái và bền bỉ. Cho dù bạn có một sân thượng nhỏ hay một khu vườn lớn, ARUBA đều có những lựa chọn phù hợp với không gian của bạn\r\n- Chất liệu:\r\n     + Khung: Nhôm\r\n     + Sợi đan: Petan đôi bán nguyệt 8 mm\r\n- Màu sắc: Xám nhạt / Grey birch\r\n- Sử dụng trong mọi loại thời tiết / sử dụng ngoài trời và trong nhà', 0, 0, 0, '2020-07-09 08:03:05', '2020-07-09 08:03:05'),
(109, 'Bạt Phủ Sofa / 240x240x90', NULL, 50, 1750000, 0, '48.jpg', 71, 20, 'Bạt phủ bàn ghế ngoài trời dùng trong mọi điều kiện thời tiết, lý tưởng khi dùng trong mùa đông, trời mưa hay dùng để bảo vệ bàn ghế khỏi tia UV. Phù hợp với các set sofa góc lớn của LifestyleGarden\r\n- Kích thước:\r\n     + L.2400 x W.2400 x H.900 / 2.2 kg\r\n- Chất liệu: Polyester 135 gr / chống nước / chống UV  ', 0, 0, 0, '2020-07-09 08:06:08', '2020-07-10 03:15:25'),
(110, 'Bạt Phủ Bàn Ghế / 250x170x90', NULL, 100, 1550000, 0, '49.jpg', 71, 20, 'Bạt phủ bàn ghế ngoài trời dùng trong mọi điều kiện thời tiết, lý tưởng khi dùng trong mùa đông, trời mưa hay dùng để bảo vệ bàn ghế khỏi tia UV. Phù hợp với các set sofa góc lớn của LifestyleGarden\r\n- Kích thước:\r\n     + L.250 x W.170 x H.90 / 2.0 kg\r\n- Chất liệu: Polyester 135 gr / chống nước / chống UV', 0, 0, 0, '2020-07-09 08:08:24', '2020-07-09 08:08:24'),
(111, 'Gối KEZ /40 x40', NULL, 50, 450000, 0, '52.jpg', 71, 20, 'Gối sử dụng với ngoại thất ngoài trời của LifestyleGarden.\r\n- Kích thước:\r\n     + L.400 x W.400 x H.70\r\n- Chất liệu: Polyester\r\n- Có dây khóa zipper', 0, 0, 0, '2020-07-09 08:09:53', '2020-07-09 08:09:53'),
(112, 'Gối KEZ /40 x40', NULL, 50, 530000, 50, '53.jpg', 71, 20, 'Gối sử dụng với ngoại thất ngoài trời của LifestyleGarden.\r\n- Kích thước:\r\n     + L.400 x W.400 x H.70\r\n- Chất liệu: Polyester\r\n- Có dây khóa zipper', 0, 0, 0, '2020-07-09 08:10:26', '2020-07-09 08:10:26'),
(113, 'Gối KEZ /40 x40', NULL, 50, 360000, 10, '56.jpg', 71, 20, 'Gối sử dụng với ngoại thất ngoài trời của LifestyleGarden.\r\n- Kích thước:\r\n     + L.400 x W.400 x H.70\r\n- Chất liệu: Polyester\r\n- Có dây khóa zipper', 0, 0, 0, '2020-07-09 08:10:59', '2020-07-09 08:10:59'),
(114, 'Dung Dịch Vệ Sinh Vải', NULL, 100, 450000, 10, '54.jpg', 71, 20, 'Giúp loại bỏ tất cả các loại vết bẩn ra khỏi vải / nệm (Rượu, dầu, nước sốt,..)\r\n- Dung tích 1 lít\r\n- Đóng chai nhựa dạng phun sương', 0, 0, 0, '2020-07-09 08:12:28', '2020-07-09 08:12:28'),
(115, 'Dung Dịch Vệ Sinh Vải 2 lít', NULL, 25, 900000, 10, '54.jpg', 71, 20, '- Dung tích 2 lít\r\n- Đóng chai nhựa dạng phun sương', 0, 0, 0, '2020-07-09 08:14:00', '2020-07-09 08:14:00'),
(116, 'Lọ Hoa Trang Trí', NULL, 100, 345000, 10, 'Lọ hoa trang trí bằng gỗ - VCP002-006 - Beech - Walnut.webp', 72, 21, 'CERUBO bắt nguồn từ thị trấn Takumi, ở Hida Takayama, Nhật Bản. Công ty được biết đến với việc thiết kế và sản xuất các sản phẩm Nội thất bằng gỗ thịt với các kỹ năng truyền thống của Nhật Bản. Kỹ năng \"Truyền thống của Nhật Bản\" là \"đặc sản\" của chúng tôi vì chúng đã được phát triển và trau dồi qua nhiều thế hệ của thợ thủ công tại Nhật Bản. Hiện tại, với công nghệ tối tân nhất kết hợp với kỹ năng của các thợ thủ công, chúng tôi luôn mang tới những sản phẩm Nội thất tốt nhất cho khách hàng với giá phải chăng nhất, đó là cam kết của chúng tôi. Và từ ý tưởng tái sử dụng tài nguyên, Cerubo đã cho ra mắt một bộ sưu tập gỗ mang tên PLAM và bộ sưu tập mới đây mang tên Latree, nhà máy đã sử dụng gỗ tái chế để sản xuất những phụ kiện bằng gỗ với những sản phẩm nhỏ xinh, lạ mắt và nhận được sự đánh giá cao từ phía khách hàng.\r\nCerubo, thương hiệu nội thất của Nhật, nhà máy sản xuất tại Việt Nam.\r\n- Kích thước:  D153 x S40 x C140 mm \r\n- Chất liệu: Beech + Walnut  / Gỗ Dẻ Gai + Óc Chó\r\n- Màu sắc: Gỗ tự nhiên. Màu sắc sản phẩm thực tế có thể chênh lệch do độ đậm nhạt của từng cây gỗ (tùy thuộc vào tuổi cây). Tuy nhiên độ chênh lệch không đáng kể.\r\n- Xuất xứ: sản xuất tại Việt Nam\r\n- Sử dụng trong nhà, tránh tiếp xúc trực tiếp ánh nắng và ẩm lâu ngày', 0, 0, 0, '2020-07-09 08:16:24', '2020-07-09 08:16:24'),
(117, 'Lọ Hoa Trang Trí', NULL, 100, 450000, 5, 'Lọ hoa trang trí bằng gỗ  VCP003-007  Beech - Walnut.webp', 72, 21, 'CERUBO bắt nguồn từ thị trấn Takumi, ở Hida Takayama, Nhật Bản. Công ty được biết đến với việc thiết kế và sản xuất các sản phẩm Nội thất bằng gỗ thịt với các kỹ năng truyền thống của Nhật Bản. Kỹ năng \"Truyền thống của Nhật Bản\" là \"đặc sản\" của chúng tôi vì chúng đã được phát triển và trau dồi qua nhiều thế hệ của thợ thủ công tại Nhật Bản. Hiện tại, với công nghệ tối tân nhất kết hợp với kỹ năng của các thợ thủ công, chúng tôi luôn mang tới những sản phẩm Nội thất tốt nhất cho khách hàng với giá phải chăng nhất, đó là cam kết của chúng tôi. Và từ ý tưởng tái sử dụng tài nguyên, Cerubo đã cho ra mắt một bộ sưu tập gỗ mang tên PLAM và bộ sưu tập mới đây mang tên Latree, nhà máy đã sử dụng gỗ tái chế để sản xuất những phụ kiện bằng gỗ với những sản phẩm nhỏ xinh, lạ mắt và nhận được sự đánh giá cao từ phía khách hàng.\r\nCerubo, thương hiệu nội thất của Nhật, nhà máy sản xuất tại Việt Nam\r\n- Kích thước:  D153 x S40 x C140 mm \r\n- Chất liệu: Beech + Walnut  / Gỗ Dẻ Gai + Óc Chó\r\n- Màu sắc: Gỗ tự nhiên. Màu sắc sản phẩm thực tế có thể chênh lệch do độ đậm nhạt của từng cây gỗ (tùy thuộc vào tuổi cây). Tuy nhiên độ chênh lệch không đáng kể.\r\n- Xuất xứ: sản xuất tại Việt Nam\r\n- Sử dụng trong nhà, tránh tiếp xúc trực tiếp ánh nắng và ẩm lâu ngày', 0, 0, 0, '2020-07-09 08:17:26', '2020-07-09 08:17:26'),
(118, 'Lọ Hoa Bằng Gỗ', NULL, 50, 360000, 20, 'Lọ hoa trang trí bằng gỗ - Set of 3-5.webp', 72, 21, 'CERUBO bắt nguồn từ thị trấn Takumi, ở Hida Takayama, Nhật Bản. Công ty được biết đến với việc thiết kế và sản xuất các sản phẩm Nội thất bằng gỗ thịt với các kỹ năng truyền thống của Nhật Bản. Kỹ năng \"Truyền thống của Nhật Bản\" là \"đặc sản\" của chúng tôi vì chúng đã được phát triển và trau dồi qua nhiều thế hệ của thợ thủ công tại Nhật Bản. Hiện tại, với công nghệ tối tân nhất kết hợp với kỹ năng của các thợ thủ công, chúng tôi luôn mang tới những sản phẩm Nội thất tốt nhất cho khách hàng với giá phải chăng nhất, đó là cam kết của chúng tôi. Và từ ý tưởng tái sử dụng tài nguyên, Cerubo đã cho ra mắt một bộ sưu tập gỗ mang tên PLAM và bộ sưu tập mới đây mang tên Latree, nhà máy đã sử dụng gỗ tái chế để sản xuất những phụ kiện bằng gỗ với những sản phẩm nhỏ xinh, lạ mắt và nhận được sự đánh giá cao từ phía khách hàng.\r\nCerubo, thương hiệu nội thất của Nhật, nhà máy sản xuất tại Việt Nam\r\n- Kích thước:  D153 x S40 x C140 mm \r\n- Chất liệu: Beech + Walnut  / Gỗ Dẻ Gai + Óc Chó\r\n- Màu sắc: Gỗ tự nhiên. Màu sắc sản phẩm thực tế có thể chênh lệch do độ đậm nhạt của từng cây gỗ (tùy thuộc vào tuổi cây). Tuy nhiên độ chênh lệch không đáng kể.\r\n- Xuất xứ: sản xuất tại Việt Nam\r\n- Sử dụng trong nhà, tránh tiếp xúc trực tiếp ánh nắng và ẩm lâu ngày', 0, 0, 0, '2020-07-09 08:19:48', '2020-07-09 08:19:48'),
(119, 'Lọ Hoa Bằng Gỗ', NULL, 50, 400000, 50, 'Lọ hoa trang trí bằng gỗ  VCP053-054  Oak - Walnut.webp', 72, 21, 'CERUBO bắt nguồn từ thị trấn Takumi, ở Hida Takayama, Nhật Bản. Công ty được biết đến với việc thiết kế và sản xuất các sản phẩm Nội thất bằng gỗ thịt với các kỹ năng truyền thống của Nhật Bản. Kỹ năng \"Truyền thống của Nhật Bản\" là \"đặc sản\" của chúng tôi vì chúng đã được phát triển và trau dồi qua nhiều thế hệ của thợ thủ công tại Nhật Bản. Hiện tại, với công nghệ tối tân nhất kết hợp với kỹ năng của các thợ thủ công, chúng tôi luôn mang tới những sản phẩm Nội thất tốt nhất cho khách hàng với giá phải chăng nhất, đó là cam kết của chúng tôi. Và từ ý tưởng tái sử dụng tài nguyên, Cerubo đã cho ra mắt một bộ sưu tập gỗ mang tên PLAM và bộ sưu tập mới đây mang tên Latree, nhà máy đã sử dụng gỗ tái chế để sản xuất những phụ kiện bằng gỗ với những sản phẩm nhỏ xinh, lạ mắt và nhận được sự đánh giá cao từ phía khách hàng.\r\nCerubo, thương hiệu nội thất của Nhật, nhà máy sản xuất tại Việt Nam\r\n- Kích thước:  D153 x S40 x C140 mm \r\n- Chất liệu: Beech + Walnut  / Gỗ Dẻ Gai + Óc Chó\r\n- Màu sắc: Gỗ tự nhiên. Màu sắc sản phẩm thực tế có thể chênh lệch do độ đậm nhạt của từng cây gỗ (tùy thuộc vào tuổi cây). Tuy nhiên độ chênh lệch không đáng kể.\r\n- Xuất xứ: sản xuất tại Việt Nam\r\n- Sử dụng trong nhà, tránh tiếp xúc trực tiếp ánh nắng và ẩm lâu ngày', 0, 0, 0, '2020-07-09 08:20:32', '2020-07-09 08:20:32'),
(120, 'Lọ Hoa Trang Trí', NULL, 50, 240000, 0, 'Lọ hoa trang trí bằng gỗ VCP-136-137 Oak - Walnut.webp', 72, 21, 'CERUBO bắt nguồn từ thị trấn Takumi, ở Hida Takayama, Nhật Bản. Công ty được biết đến với việc thiết kế và sản xuất các sản phẩm Nội thất bằng gỗ thịt với các kỹ năng truyền thống của Nhật Bản. Kỹ năng \"Truyền thống của Nhật Bản\" là \"đặc sản\" của chúng tôi vì chúng đã được phát triển và trau dồi qua nhiều thế hệ của thợ thủ công tại Nhật Bản. Hiện tại, với công nghệ tối tân nhất kết hợp với kỹ năng của các thợ thủ công, chúng tôi luôn mang tới những sản phẩm Nội thất tốt nhất cho khách hàng với giá phải chăng nhất, đó là cam kết của chúng tôi. Và từ ý tưởng tái sử dụng tài nguyên, Cerubo đã cho ra mắt một bộ sưu tập gỗ mang tên PLAM và bộ sưu tập mới đây mang tên Latree, nhà máy đã sử dụng gỗ tái chế để sản xuất những phụ kiện bằng gỗ với những sản phẩm nhỏ xinh, lạ mắt và nhận được sự đánh giá cao từ phía khách hàng.\r\nCerubo, thương hiệu nội thất của Nhật, nhà máy sản xuất tại Việt Nam\r\n- Kích thước:  D153 x S40 x C140 mm \r\n- Chất liệu: Beech + Walnut  / Gỗ Dẻ Gai + Óc Chó\r\n- Màu sắc: Gỗ tự nhiên. Màu sắc sản phẩm thực tế có thể chênh lệch do độ đậm nhạt của từng cây gỗ (tùy thuộc vào tuổi cây). Tuy nhiên độ chênh lệch không đáng kể.\r\n- Xuất xứ: sản xuất tại Việt Nam\r\n- Sử dụng trong nhà, tránh tiếp xúc trực tiếp ánh nắng và ẩm lâu ngày', 0, 0, 0, '2020-07-09 08:21:15', '2020-07-09 08:21:15'),
(121, 'Lọ Hoa Kiểu', NULL, 50, 460000, 20, 'Lọ hoa trang trí bằng gỗ VCP045-046 - Oak  -Walnut.webp', 72, 21, 'CERUBO bắt nguồn từ thị trấn Takumi, ở Hida Takayama, Nhật Bản. Công ty được biết đến với việc thiết kế và sản xuất các sản phẩm Nội thất bằng gỗ thịt với các kỹ năng truyền thống của Nhật Bản. Kỹ năng \"Truyền thống của Nhật Bản\" là \"đặc sản\" của chúng tôi vì chúng đã được phát triển và trau dồi qua nhiều thế hệ của thợ thủ công tại Nhật Bản. Hiện tại, với công nghệ tối tân nhất kết hợp với kỹ năng của các thợ thủ công, chúng tôi luôn mang tới những sản phẩm Nội thất tốt nhất cho khách hàng với giá phải chăng nhất, đó là cam kết của chúng tôi. Và từ ý tưởng tái sử dụng tài nguyên, Cerubo đã cho ra mắt một bộ sưu tập gỗ mang tên PLAM và bộ sưu tập mới đây mang tên Latree, nhà máy đã sử dụng gỗ tái chế để sản xuất những phụ kiện bằng gỗ với những sản phẩm nhỏ xinh, lạ mắt và nhận được sự đánh giá cao từ phía khách hàng.\r\nCerubo, thương hiệu nội thất của Nhật, nhà máy sản xuất tại Việt Nam\r\n- Kích thước:  D153 x S40 x C140 mm \r\n- Chất liệu: Beech + Walnut  / Gỗ Dẻ Gai + Óc Chó\r\n- Màu sắc: Gỗ tự nhiên. Màu sắc sản phẩm thực tế có thể chênh lệch do độ đậm nhạt của từng cây gỗ (tùy thuộc vào tuổi cây). Tuy nhiên độ chênh lệch không đáng kể.\r\n- Xuất xứ: sản xuất tại Việt Nam\r\n- Sử dụng trong nhà, tránh tiếp xúc trực tiếp ánh nắng và ẩm lâu ngày', 0, 0, 0, '2020-07-09 08:22:04', '2020-07-09 08:22:04'),
(122, 'Lọ Hoa ', NULL, 50, 120000, 0, 'Lọ hoa trang trí bằng gỗ VCP051-052  Oak - Walnut.webp', 72, 21, 'CERUBO bắt nguồn từ thị trấn Takumi, ở Hida Takayama, Nhật Bản. Công ty được biết đến với việc thiết kế và sản xuất các sản phẩm Nội thất bằng gỗ thịt với các kỹ năng truyền thống của Nhật Bản. Kỹ năng \"Truyền thống của Nhật Bản\" là \"đặc sản\" của chúng tôi vì chúng đã được phát triển và trau dồi qua nhiều thế hệ của thợ thủ công tại Nhật Bản. Hiện tại, với công nghệ tối tân nhất kết hợp với kỹ năng của các thợ thủ công, chúng tôi luôn mang tới những sản phẩm Nội thất tốt nhất cho khách hàng với giá phải chăng nhất, đó là cam kết của chúng tôi. Và từ ý tưởng tái sử dụng tài nguyên, Cerubo đã cho ra mắt một bộ sưu tập gỗ mang tên PLAM và bộ sưu tập mới đây mang tên Latree, nhà máy đã sử dụng gỗ tái chế để sản xuất những phụ kiện bằng gỗ với những sản phẩm nhỏ xinh, lạ mắt và nhận được sự đánh giá cao từ phía khách hàng.\r\nCerubo, thương hiệu nội thất của Nhật, nhà máy sản xuất tại Việt Nam\r\n- Kích thước:  D153 x S40 x C140 mm \r\n- Chất liệu: Beech + Walnut  / Gỗ Dẻ Gai + Óc Chó\r\n- Màu sắc: Gỗ tự nhiên. Màu sắc sản phẩm thực tế có thể chênh lệch do độ đậm nhạt của từng cây gỗ (tùy thuộc vào tuổi cây). Tuy nhiên độ chênh lệch không đáng kể.\r\n- Xuất xứ: sản xuất tại Việt Nam\r\n- Sử dụng trong nhà, tránh tiếp xúc trực tiếp ánh nắng và ẩm lâu ngày', 0, 0, 0, '2020-07-09 08:22:54', '2020-07-09 08:22:54'),
(123, 'Tượng Cô Gái', NULL, 60, 1980000, 20, 'tượng cô gái.jpg', 72, 22, 'Những sản phẩm sứ được nung thủ công bằng củi nên có chất lượng lớp men vượt trội so với các sản phẩm cùng loại nung bằng lò gaz. Hàng nghìn kiểu dáng thiết kế, kích thước sản phẩm từ nhỏ tới ngoại cỡ; với đa dạng màu sắc và kỹ thuật hoàn thện bề mặt khác nhau đáp ứng được tất cả mọi nhu cầu của người sử dụng\r\nLà sản phẩm làm thủ công bằng tay nên không sản phẩm nào giống hoàn toàn với sản phẩm nào. Mỗi sản phẩm có những màu men đậm nhạt khác nhau tạo nên cái hồn của sản phẩm.\r\n- Kích thước sản phẩm:\r\n     + W.160 - D.260 - H.470 / 10 kg\r\n- Chất liệu: Ceramic / phủ men bóng / phun cát\r\n- Màu sắc: nhiều màu sắc', 0, 0, 0, '2020-07-09 08:24:33', '2020-07-09 08:24:33'),
(124, 'Tượng GIZO', NULL, 50, 2400000, 10, 'Tượng Gizo - Atlantis.webp', 72, 22, 'Những sản phẩm sứ được nung thủ công bằng củi nên có chất lượng lớp men vượt trội so với các sản phẩm cùng loại nung bằng lò gaz. Hàng nghìn kiểu dáng thiết kế, kích thước sản phẩm từ nhỏ tới ngoại cỡ; với đa dạng màu sắc và kỹ thuật hoàn thện bề mặt khác nhau đáp ứng được tất cả mọi nhu cầu của người sử dụng\r\nLà sản phẩm làm thủ công bằng tay nên không sản phẩm nào giống hoàn toàn với sản phẩm nào. Mỗi sản phẩm có những màu men đậm nhạt khác nhau tạo nên cái hồn của sản phẩm.\r\n- Kích thước sản phẩm:\r\n     + W.160 - D.260 - H.470 / 10 kg\r\n- Chất liệu: Ceramic / phủ men bóng / phun cát\r\n- Màu sắc: nhiều màu sắc', 0, 0, 0, '2020-07-09 08:31:03', '2020-07-09 08:31:03'),
(125, 'Tượng Mèo Ai Cập', NULL, 10, 3500000, 0, 'tượng mèo ai cập.jpg', 72, 22, 'Những sản phẩm sứ được nung thủ công bằng củi nên có chất lượng lớp men vượt trội so với các sản phẩm cùng loại nung bằng lò gaz. Hàng nghìn kiểu dáng thiết kế, kích thước sản phẩm từ nhỏ tới ngoại cỡ; với đa dạng màu sắc và kỹ thuật hoàn thện bề mặt khác nhau đáp ứng được tất cả mọi nhu cầu của người sử dụng\r\nLà sản phẩm làm thủ công bằng tay nên không sản phẩm nào giống hoàn toàn với sản phẩm nào. Mỗi sản phẩm có những màu men đậm nhạt khác nhau tạo nên cái hồn của sản phẩm.\r\n- Kích thước sản phẩm:\r\n     + W.160 - D.260 - H.470 / 10 kg\r\n- Chất liệu: Ceramic / phủ men bóng / phun cát\r\n- Màu sắc: nhiều màu sắc', 0, 0, 0, '2020-07-09 08:31:50', '2020-07-09 08:31:50'),
(126, 'Tượng Nghệ Sĩ', NULL, 10, 1650000, 0, 'tượng nghệ sĩ.jpg', 72, 22, 'Những sản phẩm sứ được nung thủ công bằng củi nên có chất lượng lớp men vượt trội so với các sản phẩm cùng loại nung bằng lò gaz. Hàng nghìn kiểu dáng thiết kế, kích thước sản phẩm từ nhỏ tới ngoại cỡ; với đa dạng màu sắc và kỹ thuật hoàn thện bề mặt khác nhau đáp ứng được tất cả mọi nhu cầu của người sử dụng\r\nLà sản phẩm làm thủ công bằng tay nên không sản phẩm nào giống hoàn toàn với sản phẩm nào. Mỗi sản phẩm có những màu men đậm nhạt khác nhau tạo nên cái hồn của sản phẩm.\r\n- Kích thước sản phẩm:\r\n     + W.160 - D.260 - H.470 / 10 kg\r\n- Chất liệu: Ceramic / phủ men bóng / phun cát\r\n- Màu sắc: nhiều màu sắc', 0, 0, 0, '2020-07-09 08:32:24', '2020-07-09 08:32:24'),
(127, 'Tượng Đầu Ngựa', NULL, 20, 5600000, 0, 'tượng ngựa.jpg', 72, 22, 'Những sản phẩm sứ được nung thủ công bằng củi nên có chất lượng lớp men vượt trội so với các sản phẩm cùng loại nung bằng lò gaz. Hàng nghìn kiểu dáng thiết kế, kích thước sản phẩm từ nhỏ tới ngoại cỡ; với đa dạng màu sắc và kỹ thuật hoàn thện bề mặt khác nhau đáp ứng được tất cả mọi nhu cầu của người sử dụng\r\nLà sản phẩm làm thủ công bằng tay nên không sản phẩm nào giống hoàn toàn với sản phẩm nào. Mỗi sản phẩm có những màu men đậm nhạt khác nhau tạo nên cái hồn của sản phẩm.\r\n- Kích thước sản phẩm:\r\n     + W.160 - D.260 - H.470 / 10 kg\r\n- Chất liệu: Ceramic / phủ men bóng / phun cát\r\n- Màu sắc: nhiều màu sắc', 0, 0, 0, '2020-07-09 08:32:56', '2020-07-09 08:32:56'),
(128, 'Tượng Phật', NULL, 100, 6500000, 0, 'Tượng Phật Siddhartha - Atlantis.webp', 72, 22, 'Những sản phẩm sứ được nung thủ công bằng củi nên có chất lượng lớp men vượt trội so với các sản phẩm cùng loại nung bằng lò gaz. Hàng nghìn kiểu dáng thiết kế, kích thước sản phẩm từ nhỏ tới ngoại cỡ; với đa dạng màu sắc và kỹ thuật hoàn thện bề mặt khác nhau đáp ứng được tất cả mọi nhu cầu của người sử dụng\r\nLà sản phẩm làm thủ công bằng tay nên không sản phẩm nào giống hoàn toàn với sản phẩm nào. Mỗi sản phẩm có những màu men đậm nhạt khác nhau tạo nên cái hồn của sản phẩm.\r\n- Kích thước sản phẩm:\r\n     + W.160 - D.260 - H.470 / 10 kg\r\n- Chất liệu: Ceramic / phủ men bóng / phun cát\r\n- Màu sắc: nhiều màu sắc', 0, 0, 0, '2020-07-09 08:33:59', '2020-07-09 08:33:59'),
(129, 'Tượng Suy Tư ', NULL, 20, 3620000, 30, 'tượng suy tư.jpg', 72, 22, 'Những sản phẩm sứ được nung thủ công bằng củi nên có chất lượng lớp men vượt trội so với các sản phẩm cùng loại nung bằng lò gaz. Hàng nghìn kiểu dáng thiết kế, kích thước sản phẩm từ nhỏ tới ngoại cỡ; với đa dạng màu sắc và kỹ thuật hoàn thện bề mặt khác nhau đáp ứng được tất cả mọi nhu cầu của người sử dụng\r\nLà sản phẩm làm thủ công bằng tay nên không sản phẩm nào giống hoàn toàn với sản phẩm nào. Mỗi sản phẩm có những màu men đậm nhạt khác nhau tạo nên cái hồn của sản phẩm.\r\n- Kích thước sản phẩm:\r\n     + W.160 - D.260 - H.470 / 10 kg\r\n- Chất liệu: Ceramic / phủ men bóng / phun cát\r\n- Màu sắc: nhiều màu sắc', 0, 0, 0, '2020-07-09 08:34:40', '2020-07-09 08:34:40'),
(131, 'Tượng Tuần Lộc', NULL, 10, 6700000, 0, 'tượng tuần lộc.jpg', 72, 22, 'Những sản phẩm sứ được nung thủ công bằng củi nên có chất lượng lớp men vượt trội so với các sản phẩm cùng loại nung bằng lò gaz. Hàng nghìn kiểu dáng thiết kế, kích thước sản phẩm từ nhỏ tới ngoại cỡ; với đa dạng màu sắc và kỹ thuật hoàn thện bề mặt khác nhau đáp ứng được tất cả mọi nhu cầu của người sử dụng\r\nLà sản phẩm làm thủ công bằng tay nên không sản phẩm nào giống hoàn toàn với sản phẩm nào. Mỗi sản phẩm có những màu men đậm nhạt khác nhau tạo nên cái hồn của sản phẩm.\r\n- Kích thước sản phẩm:\r\n     + W.160 - D.260 - H.470 / 10 kg\r\n- Chất liệu: Ceramic / phủ men bóng / phun cát\r\n- Màu sắc: nhiều màu sắc', 0, 0, 0, '2020-07-09 08:36:22', '2020-07-09 08:36:22'),
(132, 'Chụp Đèn CANA', NULL, 50, 750000, 0, 'Chụp đèn CANA.webp', 72, 23, 'Các sản phẩm của thương hiệu Nhàta đều được làm từ bê tông tươi, cốt sợi thực vật nên thân thiện môi trường và không có hại cho người sản xuất.\r\nSản phẩm làm thủ công nên mỗi sản phẩm là duy nhất và không sản phẩm nào hoàn toàn giống sản phẩm nào về màu sắc\r\nSản phẩm bê tông dùng được cả trong nhà và Ngoài trời, không bị thấm và loang nước.\r\n- Kích thước sản phẩm:\r\n     + Dia.210 x H.250 / 1 kg\r\n- Chất liệu: bê tông tươi / sợi thực vật\r\n- Màu sắc: Dark grey\r\n- Chống sương giá / thời tiết / tia UV\r\n- Chống thấm', 0, 0, 0, '2020-07-09 08:38:11', '2020-07-09 08:38:11'),
(133, 'Chụp Đèn CUP', NULL, 50, 750000, 0, 'Chụp đèn CUP.webp', 72, 23, 'Các sản phẩm của thương hiệu Nhàta đều được làm từ bê tông tươi, cốt sợi thực vật nên thân thiện môi trường và không có hại cho người sản xuất.\r\nSản phẩm làm thủ công nên mỗi sản phẩm là duy nhất và không sản phẩm nào hoàn toàn giống sản phẩm nào về màu sắc\r\nSản phẩm bê tông dùng được cả trong nhà và Ngoài trời, không bị thấm và loang nước.\r\n- Kích thước sản phẩm:\r\n     + Dia.210 x H.250 / 1 kg\r\n- Chất liệu: bê tông tươi / sợi thực vật\r\n- Màu sắc: Dark grey\r\n- Chống sương giá / thời tiết / tia UV\r\n- Chống thấm', 0, 0, 0, '2020-07-09 08:39:14', '2020-07-09 08:39:14'),
(134, 'Chụp Đèn DAIA', NULL, 50, 750000, 0, 'Chụp đèn DAIA.webp', 72, 23, 'Các sản phẩm của thương hiệu Nhàta đều được làm từ bê tông tươi, cốt sợi thực vật nên thân thiện môi trường và không có hại cho người sản xuất.\r\nSản phẩm làm thủ công nên mỗi sản phẩm là duy nhất và không sản phẩm nào hoàn toàn giống sản phẩm nào về màu sắc\r\nSản phẩm bê tông dùng được cả trong nhà và Ngoài trời, không bị thấm và loang nước.\r\n- Kích thước sản phẩm:\r\n     + Dia.210 x H.250 / 1 kg\r\n- Chất liệu: bê tông tươi / sợi thực vật\r\n- Màu sắc: Dark grey\r\n- Chống sương giá / thời tiết / tia UV\r\n- Chống thấm', 0, 0, 0, '2020-07-09 08:39:40', '2020-07-09 08:39:40'),
(135, 'Đế Nến CANA', NULL, 50, 450000, 0, 'Đế nến CANA.webp', 72, 23, 'Các sản phẩm của thương hiệu Nhàta đều được làm từ bê tông tươi, cốt sợi thực vật nên thân thiện môi trường và không có hại cho người sản xuất.\r\nSản phẩm làm thủ công nên mỗi sản phẩm là duy nhất và không sản phẩm nào hoàn toàn giống sản phẩm nào về màu sắc\r\nSản phẩm bê tông dùng được cả trong nhà và Ngoài trời, không bị thấm và loang nước.\r\n- Kích thước sản phẩm:\r\n     + Dia.210 x H.250 / 1 kg\r\n- Chất liệu: bê tông tươi / sợi thực vật\r\n- Màu sắc: Dark grey\r\n- Chống sương giá / thời tiết / tia UV\r\n- Chống thấm', 0, 0, 0, '2020-07-09 08:40:32', '2020-07-09 08:40:32'),
(136, 'Đế Nến PIE', NULL, 0, 350000, 0, 'Đế nến PEA.webp', 72, 23, 'Các sản phẩm của thương hiệu Nhàta đều được làm từ bê tông tươi, cốt sợi thực vật nên thân thiện môi trường và không có hại cho người sản xuất.\r\nSản phẩm làm thủ công nên mỗi sản phẩm là duy nhất và không sản phẩm nào hoàn toàn giống sản phẩm nào về màu sắc\r\nSản phẩm bê tông dùng được cả trong nhà và Ngoài trời, không bị thấm và loang nước.\r\n- Kích thước sản phẩm:\r\n     + Dia.210 x H.250 / 1 kg\r\n- Chất liệu: bê tông tươi / sợi thực vật\r\n- Màu sắc: Dark grey\r\n- Chống sương giá / thời tiết / tia UV\r\n- Chống thấm', 0, 0, 0, '2020-07-09 08:41:04', '2020-07-09 08:41:04'),
(137, 'Đèn LIGHTING', NULL, 50, 4560000, 0, 'Lighting - Rejuvenation.jpg', 72, 23, 'Cuộc sống ngày càng phát triển nên nhu cầu về không gian đẹp trong sinh sống, làm việc và kinh doanh ngày càng gia tăng. Đèn Decor đẹp luôn là những ưu tiên quan tâm hàng đầu trongViệc làm đẹp không gian. Luôn là lựa chọn hàng đầu trong việc mua sắm đèn trang trí nhà, đèn cho Spa, đèn Shop, đèn showroom...bởi sự tinh tế, độ thẩm mỹ, độ bền cao. Cung cấp sản phẩm Đèn decor đẹp với giá cực tốt, cùng chế độ hậu mãi tận tâm-sẽ làm hài lòng mọi khách hàng. Giúp tôn vinh nét đẹp công trình.', 0, 0, 0, '2020-07-09 08:43:27', '2020-07-09 08:43:27'),
(139, 'Đèn Cô Đơn ', NULL, 50, 650000, 0, 'Lighting design trends of 2019.jpg', 72, 23, 'Cuộc sống ngày càng phát triển nên nhu cầu về không gian đẹp trong sinh sống, làm việc và kinh doanh ngày càng gia tăng. Đèn Decor đẹp luôn là những ưu tiên quan tâm hàng đầu trongViệc làm đẹp không gian. Luôn là lựa chọn hàng đầu trong việc mua sắm đèn trang trí nhà, đèn cho Spa, đèn Shop, đèn showroom...bởi sự tinh tế, độ thẩm mỹ, độ bền cao. Cung cấp sản phẩm Đèn decor đẹp với giá cực tốt, cùng chế độ hậu mãi tận tâm-sẽ làm hài lòng mọi khách hàng. Giúp tôn vinh nét đẹp công trình', 0, 0, 0, '2020-07-09 08:44:25', '2020-07-09 08:44:25'),
(140, 'Đèn Tròn', NULL, 45, 580000, 0, 'Sculptural Lighting Fixtures.jpg', 72, 23, 'Cuộc sống ngày càng phát triển nên nhu cầu về không gian đẹp trong sinh sống, làm việc và kinh doanh ngày càng gia tăng. Đèn Decor đẹp luôn là những ưu tiên quan tâm hàng đầu trongViệc làm đẹp không gian. Luôn là lựa chọn hàng đầu trong việc mua sắm đèn trang trí nhà, đèn cho Spa, đèn Shop, đèn showroom...bởi sự tinh tế, độ thẩm mỹ, độ bền cao. Cung cấp sản phẩm Đèn decor đẹp với giá cực tốt, cùng chế độ hậu mãi tận tâm-sẽ làm hài lòng mọi khách hàng. Giúp tôn vinh nét đẹp công trình', 0, 0, 0, '2020-07-09 08:45:21', '2020-07-09 08:45:21'),
(141, 'Đèn CORNE', NULL, 50, 800000, 50, 'Lighting design trends of 2019.jpg', 72, 23, 'Cuộc sống ngày càng phát triển nên nhu cầu về không gian đẹp trong sinh sống, làm việc và kinh doanh ngày càng gia tăng. Đèn Decor đẹp luôn là những ưu tiên quan tâm hàng đầu trongViệc làm đẹp không gian. Luôn là lựa chọn hàng đầu trong việc mua sắm đèn trang trí nhà, đèn cho Spa, đèn Shop, đèn showroom...bởi sự tinh tế, độ thẩm mỹ, độ bền cao. Cung cấp sản phẩm Đèn decor đẹp với giá cực tốt, cùng chế độ hậu mãi tận tâm-sẽ làm hài lòng mọi khách hàng. Giúp tôn vinh nét đẹp công trình', 0, 0, 0, '2020-07-09 08:46:19', '2020-07-09 08:46:19'),
(142, 'Thác Nước APURO ', NULL, 50, 9250000, 0, 'Thác nước APURO 87 - Black stone.webp', 72, 24, 'Đài phun nước APURO được hoàn thiện bề mặt mô phỏng đá Granite, cho ra sản phẩm như sử dụng vật liệu đá tự nhiên nhưng nhẹ hơn 70% về khối lượng. Với hình dáng thon gọn, APURO có thể đặt trong nhà hay ngoài ban công, sân vườn đều phù hợp\r\nĐược làm từ sợi thủy tinh và hỗn hợp khoáng chất, các sản phẩm đài phun nước của ESTERAS nhẹ hơn 70% so với các loại làm bằng đá tự nhiên. Là thương hiệu hàng đầu thế giới về chậu composite và đài phun nước, ESTARAS luôn sản xuất ra những sản phẩm tinh tế và mang lại sự thoải mái nhất cho người sử dụng.\r\nĐài phun nước tích hợp sẵn bơm và đèn Led ánh sáng trắng ấm cúng tạo ra màn trình diển nước tuyệt vời. Những gợn sóng êm dịu của nước mang lại sự thư giãn tinh khiết và bổ trợ cho mọi không gian sân vườn thêm bắt mắt và nhẹ nhàng ấm áp.\r\n- Kích thước sản phẩm:\r\n     + 320 x 320 x H.870 / 23kg\r\n- Chất liệu: Fiberglass & mineral composite\r\n- Màu sắc: Black stone / Granite grey', 0, 0, 0, '2020-07-09 08:47:57', '2020-07-09 08:47:57'),
(143, 'Thác Nước BEEK', NULL, 100, 10200000, 20, 'Thác nước BEEK 41 - Grey.webp', 72, 24, 'Đài phun nước BEEK được hoàn thiện bề mặt mô phỏng đá Granite, cho ra sản phẩm như sử dụng vật liệu đá tự nhiên nhưng nhẹ hơn 70% về khối lượng. Với hình dáng thon gọn, APURO có thể đặt trong nhà hay ngoài ban công, sân vườn đều phù hợp\r\nĐược làm từ sợi thủy tinh và hỗn hợp khoáng chất, các sản phẩm đài phun nước của ESTERAS nhẹ hơn 70% so với các loại làm bằng đá tự nhiên. Là thương hiệu hàng đầu thế giới về chậu composite và đài phun nước, ESTARAS luôn sản xuất ra những sản phẩm tinh tế và mang lại sự thoải mái nhất cho người sử dụng.\r\nĐài phun nước tích hợp sẵn bơm và đèn Led ánh sáng trắng ấm cúng tạo ra màn trình diển nước tuyệt vời. Những gợn sóng êm dịu của nước mang lại sự thư giãn tinh khiết và bổ trợ cho mọi không gian sân vườn thêm bắt mắt và nhẹ nhàng ấm áp.\r\n- Kích thước sản phẩm:\r\n     + 320 x 320 x H.870 / 23kg\r\n- Chất liệu: Fiberglass & mineral composite\r\n- Màu sắc: Black stone / Granite grey', 0, 0, 0, '2020-07-09 08:49:04', '2020-07-09 08:49:04'),
(144, 'Thác Nước DUIVEN', NULL, 50, 8600000, 23, 'Thác nước DUIVEN 57 - Black.webp', 72, 24, 'Đài phun nước DUIVEN được hoàn thiện bề mặt mô phỏng đá Granite, cho ra sản phẩm như sử dụng vật liệu đá tự nhiên nhưng nhẹ hơn 70% về khối lượng. Với hình dáng thon gọn, APURO có thể đặt trong nhà hay ngoài ban công, sân vườn đều phù hợp\r\nĐược làm từ sợi thủy tinh và hỗn hợp khoáng chất, các sản phẩm đài phun nước của ESTERAS nhẹ hơn 70% so với các loại làm bằng đá tự nhiên. Là thương hiệu hàng đầu thế giới về chậu composite và đài phun nước, ESTARAS luôn sản xuất ra những sản phẩm tinh tế và mang lại sự thoải mái nhất cho người sử dụng.\r\nĐài phun nước tích hợp sẵn bơm và đèn Led ánh sáng trắng ấm cúng tạo ra màn trình diển nước tuyệt vời. Những gợn sóng êm dịu của nước mang lại sự thư giãn tinh khiết và bổ trợ cho mọi không gian sân vườn thêm bắt mắt và nhẹ nhàng ấm áp.\r\n- Kích thước sản phẩm:\r\n     + 320 x 320 x H.870 / 23kg\r\n- Chất liệu: Fiberglass & mineral composite\r\n- Màu sắc: Black stone / Granite grey', 0, 0, 0, '2020-07-09 08:50:07', '2020-07-09 08:50:07'),
(145, 'Thác Nước GOUPI', NULL, 50, 11245000, 0, 'Thác nước GUAPI 57 - Granite grey.webp', 72, 24, 'Đài phun nước GOUPI được hoàn thiện bề mặt mô phỏng đá Granite, cho ra sản phẩm như sử dụng vật liệu đá tự nhiên nhưng nhẹ hơn 70% về khối lượng. Với hình dáng thon gọn, APURO có thể đặt trong nhà hay ngoài ban công, sân vườn đều phù hợp\r\nĐược làm từ sợi thủy tinh và hỗn hợp khoáng chất, các sản phẩm đài phun nước của ESTERAS nhẹ hơn 70% so với các loại làm bằng đá tự nhiên. Là thương hiệu hàng đầu thế giới về chậu composite và đài phun nước, ESTARAS luôn sản xuất ra những sản phẩm tinh tế và mang lại sự thoải mái nhất cho người sử dụng.\r\nĐài phun nước tích hợp sẵn bơm và đèn Led ánh sáng trắng ấm cúng tạo ra màn trình diển nước tuyệt vời. Những gợn sóng êm dịu của nước mang lại sự thư giãn tinh khiết và bổ trợ cho mọi không gian sân vườn thêm bắt mắt và nhẹ nhàng ấm áp.\r\n- Kích thước sản phẩm:\r\n     + 320 x 320 x H.870 / 23kg\r\n- Chất liệu: Fiberglass & mineral composite\r\n- Màu sắc: Black stone / Granite grey', 0, 0, 0, '2020-07-09 08:50:57', '2020-07-09 08:50:57'),
(146, 'Thác Nước LOA', NULL, 50, 7800000, 0, 'Thác nước LOA 57 - Black stone.webp', 72, 24, 'Đài phun nước LOA được hoàn thiện bề mặt mô phỏng đá Granite, cho ra sản phẩm như sử dụng vật liệu đá tự nhiên nhưng nhẹ hơn 70% về khối lượng. Với hình dáng thon gọn, APURO có thể đặt trong nhà hay ngoài ban công, sân vườn đều phù hợp\r\nĐược làm từ sợi thủy tinh và hỗn hợp khoáng chất, các sản phẩm đài phun nước của ESTERAS nhẹ hơn 70% so với các loại làm bằng đá tự nhiên. Là thương hiệu hàng đầu thế giới về chậu composite và đài phun nước, ESTARAS luôn sản xuất ra những sản phẩm tinh tế và mang lại sự thoải mái nhất cho người sử dụng.\r\nĐài phun nước tích hợp sẵn bơm và đèn Led ánh sáng trắng ấm cúng tạo ra màn trình diển nước tuyệt vời. Những gợn sóng êm dịu của nước mang lại sự thư giãn tinh khiết và bổ trợ cho mọi không gian sân vườn thêm bắt mắt và nhẹ nhàng ấm áp.\r\n- Kích thước sản phẩm:\r\n     + 320 x 320 x H.870 / 23kg\r\n- Chất liệu: Fiberglass & mineral composite\r\n- Màu sắc: Black stone / Granite grey', 0, 0, 0, '2020-07-09 08:54:45', '2020-07-09 08:54:45'),
(147, 'Thác Nước PARU', NULL, 50, 8990000, 0, 'Thác nước PARU 67 - Corten steel.webp', 72, 24, 'Đài phun nước PARU được hoàn thiện bề mặt mô phỏng đá Granite, cho ra sản phẩm như sử dụng vật liệu đá tự nhiên nhưng nhẹ hơn 70% về khối lượng. Với hình dáng thon gọn, APURO có thể đặt trong nhà hay ngoài ban công, sân vườn đều phù hợp\r\nĐược làm từ sợi thủy tinh và hỗn hợp khoáng chất, các sản phẩm đài phun nước của ESTERAS nhẹ hơn 70% so với các loại làm bằng đá tự nhiên. Là thương hiệu hàng đầu thế giới về chậu composite và đài phun nước, ESTARAS luôn sản xuất ra những sản phẩm tinh tế và mang lại sự thoải mái nhất cho người sử dụng.\r\nĐài phun nước tích hợp sẵn bơm và đèn Led ánh sáng trắng ấm cúng tạo ra màn trình diển nước tuyệt vời. Những gợn sóng êm dịu của nước mang lại sự thư giãn tinh khiết và bổ trợ cho mọi không gian sân vườn thêm bắt mắt và nhẹ nhàng ấm áp.\r\n- Kích thước sản phẩm:\r\n     + 320 x 320 x H.870 / 23kg\r\n- Chất liệu: Fiberglass & mineral composite\r\n- Màu sắc: Black stone / Granite grey', 0, 0, 0, '2020-07-09 08:55:42', '2020-07-09 08:55:42'),
(148, 'Thác nước PERCO', NULL, 50, 6300000, 0, 'Thác nước PRETO 103 - Granite grey.webp', 72, 24, 'Đài phun nước PERCO được hoàn thiện bề mặt mô phỏng đá Granite, cho ra sản phẩm như sử dụng vật liệu đá tự nhiên nhưng nhẹ hơn 70% về khối lượng. Với hình dáng thon gọn, APURO có thể đặt trong nhà hay ngoài ban công, sân vườn đều phù hợp\r\nĐược làm từ sợi thủy tinh và hỗn hợp khoáng chất, các sản phẩm đài phun nước của ESTERAS nhẹ hơn 70% so với các loại làm bằng đá tự nhiên. Là thương hiệu hàng đầu thế giới về chậu composite và đài phun nước, ESTARAS luôn sản xuất ra những sản phẩm tinh tế và mang lại sự thoải mái nhất cho người sử dụng.\r\nĐài phun nước tích hợp sẵn bơm và đèn Led ánh sáng trắng ấm cúng tạo ra màn trình diển nước tuyệt vời. Những gợn sóng êm dịu của nước mang lại sự thư giãn tinh khiết và bổ trợ cho mọi không gian sân vườn thêm bắt mắt và nhẹ nhàng ấm áp.\r\n- Kích thước sản phẩm:\r\n     + 320 x 320 x H.870 / 23kg\r\n- Chất liệu: Fiberglass & mineral composite\r\n- Màu sắc: Black stone / Granite grey', 0, 0, 0, '2020-07-09 08:56:53', '2020-07-09 08:56:53'),
(149, 'Thác Nước TOA', NULL, 40, 9500000, 0, 'Thác nước TOA 57 - Granite grey.webp', 72, 24, 'Đài phun nước TOA được hoàn thiện bề mặt mô phỏng đá Granite, cho ra sản phẩm như sử dụng vật liệu đá tự nhiên nhưng nhẹ hơn 70% về khối lượng. Với hình dáng thon gọn, APURO có thể đặt trong nhà hay ngoài ban công, sân vườn đều phù hợp\r\nĐược làm từ sợi thủy tinh và hỗn hợp khoáng chất, các sản phẩm đài phun nước của ESTERAS nhẹ hơn 70% so với các loại làm bằng đá tự nhiên. Là thương hiệu hàng đầu thế giới về chậu composite và đài phun nước, ESTARAS luôn sản xuất ra những sản phẩm tinh tế và mang lại sự thoải mái nhất cho người sử dụng.\r\nĐài phun nước tích hợp sẵn bơm và đèn Led ánh sáng trắng ấm cúng tạo ra màn trình diển nước tuyệt vời. Những gợn sóng êm dịu của nước mang lại sự thư giãn tinh khiết và bổ trợ cho mọi không gian sân vườn thêm bắt mắt và nhẹ nhàng ấm áp.\r\n- Kích thước sản phẩm:\r\n     + 320 x 320 x H.870 / 23kg\r\n- Chất liệu: Fiberglass & mineral composite\r\n- Màu sắc: Black stone / Granite grey', 0, 0, 0, '2020-07-09 08:57:26', '2020-07-09 08:57:26'),
(150, 'Khung Hình Bằng Gỗ', NULL, 100, 330000, 0, 'Khung hình bằng gỗ Picture Frame - Oak - Walnut.webp', 72, 25, 'CERUBO bắt nguồn từ thị trấn Takumi, ở Hida Takayama, Nhật Bản. Công ty được biết đến với việc thiết kế và sản xuất các sản phẩm Nội thất bằng gỗ thịt với các kỹ năng truyền thống của Nhật Bản. Kỹ năng \"Truyền thống của Nhật Bản\" là \"đặc sản\" của chúng tôi vì chúng đã được phát triển và trau dồi qua nhiều thế hệ của thợ thủ công tại Nhật Bản. Hiện tại, với công nghệ tối tân nhất kết hợp với kỹ năng của các thợ thủ công, chúng tôi luôn mang tới những sản phẩm Nội thất tốt nhất cho khách hàng với giá phải chăng nhất, đó là cam kết của chúng tôi. Và từ ý tưởng tái sử dụng tài nguyên, Cerubo đã cho ra mắt một bộ sưu tập gỗ mang tên PLAM và bộ sưu tập mới đây mang tên Latree, nhà máy đã sử dụng gỗ tái chế để sản xuất những phụ kiện bằng gỗ với những sản phẩm nhỏ xinh, lạ mắt và nhận được sự đánh giá cao từ phía khách hàng.\r\nCerubo, thương hiệu nội thất của Nhật, nhà máy sản xuất tại Việt Nam.\r\n- Kích thước:  D195 x S145 x C30 mm\r\n- Chất liệu:  Oak + Walnut  / Gỗ Sồi  + Óc Chó nhập khẩu\r\n- Màu sắc: Gỗ tự nhiên. Màu sắc sản phẩm thực tế có thể chênh lệch do độ đậm nhạt của từng cây gỗ (tùy thuộc vào tuổi cây). Tuy nhiên độ chênh lệch không đáng kể.\r\n- Xuất xứ: sản xuất tại Việt Nam\r\n- Sử dụng trong nhà, tránh tiếp xúc trực tiếp ánh nắng và ẩm lâu ngày\r\n', 0, 0, 0, '2020-07-09 08:59:33', '2020-07-09 08:59:33'),
(151, 'Khung Hình Bằng Gỗ', NULL, 60, 450000, 0, 'Khung hình bằng gỗ  Picture Frame - Beech - Walnut.webp', 72, 25, 'CERUBO bắt nguồn từ thị trấn Takumi, ở Hida Takayama, Nhật Bản. Công ty được biết đến với việc thiết kế và sản xuất các sản phẩm Nội thất bằng gỗ thịt với các kỹ năng truyền thống của Nhật Bản. Kỹ năng \"Truyền thống của Nhật Bản\" là \"đặc sản\" của chúng tôi vì chúng đã được phát triển và trau dồi qua nhiều thế hệ của thợ thủ công tại Nhật Bản. Hiện tại, với công nghệ tối tân nhất kết hợp với kỹ năng của các thợ thủ công, chúng tôi luôn mang tới những sản phẩm Nội thất tốt nhất cho khách hàng với giá phải chăng nhất, đó là cam kết của chúng tôi. Và từ ý tưởng tái sử dụng tài nguyên, Cerubo đã cho ra mắt một bộ sưu tập gỗ mang tên PLAM và bộ sưu tập mới đây mang tên Latree, nhà máy đã sử dụng gỗ tái chế để sản xuất những phụ kiện bằng gỗ với những sản phẩm nhỏ xinh, lạ mắt và nhận được sự đánh giá cao từ phía khách hàng.\r\nCerubo, thương hiệu nội thất của Nhật, nhà máy sản xuất tại Việt Nam.\r\n- Kích thước:  D195 x S145 x C30 mm\r\n- Chất liệu:  Oak + Walnut  / Gỗ Sồi  + Óc Chó nhập khẩu\r\n- Màu sắc: Gỗ tự nhiên. Màu sắc sản phẩm thực tế có thể chênh lệch do độ đậm nhạt của từng cây gỗ (tùy thuộc vào tuổi cây). Tuy nhiên độ chênh lệch không đáng kể.\r\n- Xuất xứ: sản xuất tại Việt Nam\r\n- Sử dụng trong nhà, tránh tiếp xúc trực tiếp ánh nắng và ẩm lâu ngày', 0, 0, 0, '2020-07-09 09:00:10', '2020-07-09 09:00:10'),
(152, 'Đế Để Chậu Hoa', NULL, 1, 560000, 0, 'Đế để chậu hoa bằng gỗ Flower Base- Tall -Beech.webp', 72, 25, 'CERUBO bắt nguồn từ thị trấn Takumi, ở Hida Takayama, Nhật Bản. Công ty được biết đến với việc thiết kế và sản xuất các sản phẩm Nội thất bằng gỗ thịt với các kỹ năng truyền thống của Nhật Bản. Kỹ năng \"Truyền thống của Nhật Bản\" là \"đặc sản\" của chúng tôi vì chúng đã được phát triển và trau dồi qua nhiều thế hệ của thợ thủ công tại Nhật Bản. Hiện tại, với công nghệ tối tân nhất kết hợp với kỹ năng của các thợ thủ công, chúng tôi luôn mang tới những sản phẩm Nội thất tốt nhất cho khách hàng với giá phải chăng nhất, đó là cam kết của chúng tôi. Và từ ý tưởng tái sử dụng tài nguyên, Cerubo đã cho ra mắt một bộ sưu tập gỗ mang tên PLAM và bộ sưu tập mới đây mang tên Latree, nhà máy đã sử dụng gỗ tái chế để sản xuất những phụ kiện bằng gỗ với những sản phẩm nhỏ xinh, lạ mắt và nhận được sự đánh giá cao từ phía khách hàng.\r\nCerubo, thương hiệu nội thất của Nhật, nhà máy sản xuất tại Việt Nam.\r\n- Kích thước:  D195 x S145 x C30 mm\r\n- Chất liệu:  Oak + Walnut  / Gỗ Sồi  + Óc Chó nhập khẩu\r\n- Màu sắc: Gỗ tự nhiên. Màu sắc sản phẩm thực tế có thể chênh lệch do độ đậm nhạt của từng cây gỗ (tùy thuộc vào tuổi cây). Tuy nhiên độ chênh lệch không đáng kể.\r\n- Xuất xứ: sản xuất tại Việt Nam\r\n- Sử dụng trong nhà, tránh tiếp xúc trực tiếp ánh nắng và ẩm lâu ngày', 0, 0, 0, '2020-07-09 09:03:03', '2020-07-09 09:03:03');
INSERT INTO `product` (`id`, `name`, `slug`, `soluong`, `gia`, `sale`, `avatar`, `category`, `type`, `content`, `head`, `view`, `hot`, `created_at`, `updata_up`) VALUES
(153, 'Đế Ly Bằng Gỗ', NULL, 50, 450000, 0, 'Đế ly bằng gỗ Coaster - Oak - Walnut - Beech.webp', 72, 25, 'CERUBO bắt nguồn từ thị trấn Takumi, ở Hida Takayama, Nhật Bản. Công ty được biết đến với việc thiết kế và sản xuất các sản phẩm Nội thất bằng gỗ thịt với các kỹ năng truyền thống của Nhật Bản. Kỹ năng \"Truyền thống của Nhật Bản\" là \"đặc sản\" của chúng tôi vì chúng đã được phát triển và trau dồi qua nhiều thế hệ của thợ thủ công tại Nhật Bản. Hiện tại, với công nghệ tối tân nhất kết hợp với kỹ năng của các thợ thủ công, chúng tôi luôn mang tới những sản phẩm Nội thất tốt nhất cho khách hàng với giá phải chăng nhất, đó là cam kết của chúng tôi. Và từ ý tưởng tái sử dụng tài nguyên, Cerubo đã cho ra mắt một bộ sưu tập gỗ mang tên PLAM và bộ sưu tập mới đây mang tên Latree, nhà máy đã sử dụng gỗ tái chế để sản xuất những phụ kiện bằng gỗ với những sản phẩm nhỏ xinh, lạ mắt và nhận được sự đánh giá cao từ phía khách hàng.\r\nCerubo, thương hiệu nội thất của Nhật, nhà máy sản xuất tại Việt Nam.\r\n- Kích thước:  D195 x S145 x C30 mm\r\n- Chất liệu:  Oak + Walnut  / Gỗ Sồi  + Óc Chó nhập khẩu\r\n- Màu sắc: Gỗ tự nhiên. Màu sắc sản phẩm thực tế có thể chênh lệch do độ đậm nhạt của từng cây gỗ (tùy thuộc vào tuổi cây). Tuy nhiên độ chênh lệch không đáng kể.\r\n- Xuất xứ: sản xuất tại Việt Nam\r\n- Sử dụng trong nhà, tránh tiếp xúc trực tiếp ánh nắng và ẩm lâu ngày', 0, 0, 0, '2020-07-09 09:03:38', '2020-07-09 09:03:38'),
(154, 'Giá Treo Quần Áo', NULL, 50, 654000, 0, 'Giá treo quần áo bằng gỗ  Coat Hanger - Beech - Walnut.webp', 72, 25, 'CERUBO bắt nguồn từ thị trấn Takumi, ở Hida Takayama, Nhật Bản. Công ty được biết đến với việc thiết kế và sản xuất các sản phẩm Nội thất bằng gỗ thịt với các kỹ năng truyền thống của Nhật Bản. Kỹ năng \"Truyền thống của Nhật Bản\" là \"đặc sản\" của chúng tôi vì chúng đã được phát triển và trau dồi qua nhiều thế hệ của thợ thủ công tại Nhật Bản. Hiện tại, với công nghệ tối tân nhất kết hợp với kỹ năng của các thợ thủ công, chúng tôi luôn mang tới những sản phẩm Nội thất tốt nhất cho khách hàng với giá phải chăng nhất, đó là cam kết của chúng tôi. Và từ ý tưởng tái sử dụng tài nguyên, Cerubo đã cho ra mắt một bộ sưu tập gỗ mang tên PLAM và bộ sưu tập mới đây mang tên Latree, nhà máy đã sử dụng gỗ tái chế để sản xuất những phụ kiện bằng gỗ với những sản phẩm nhỏ xinh, lạ mắt và nhận được sự đánh giá cao từ phía khách hàng.\r\nCerubo, thương hiệu nội thất của Nhật, nhà máy sản xuất tại Việt Nam.\r\n- Kích thước:  D195 x S145 x C30 mm\r\n- Chất liệu:  Oak + Walnut  / Gỗ Sồi  + Óc Chó nhập khẩu\r\n- Màu sắc: Gỗ tự nhiên. Màu sắc sản phẩm thực tế có thể chênh lệch do độ đậm nhạt của từng cây gỗ (tùy thuộc vào tuổi cây). Tuy nhiên độ chênh lệch không đáng kể.\r\n- Xuất xứ: sản xuất tại Việt Nam\r\n- Sử dụng trong nhà, tránh tiếp xúc trực tiếp ánh nắng và ẩm lâu ngày', 0, 0, 0, '2020-07-09 09:04:25', '2020-07-09 09:04:25'),
(155, 'Khay Bằng Gỗ', NULL, 50, 320000, 0, 'Khay - Đĩa bằng gỗ  Plate - Tray.webp', 72, 25, 'CERUBO bắt nguồn từ thị trấn Takumi, ở Hida Takayama, Nhật Bản. Công ty được biết đến với việc thiết kế và sản xuất các sản phẩm Nội thất bằng gỗ thịt với các kỹ năng truyền thống của Nhật Bản. Kỹ năng \"Truyền thống của Nhật Bản\" là \"đặc sản\" của chúng tôi vì chúng đã được phát triển và trau dồi qua nhiều thế hệ của thợ thủ công tại Nhật Bản. Hiện tại, với công nghệ tối tân nhất kết hợp với kỹ năng của các thợ thủ công, chúng tôi luôn mang tới những sản phẩm Nội thất tốt nhất cho khách hàng với giá phải chăng nhất, đó là cam kết của chúng tôi. Và từ ý tưởng tái sử dụng tài nguyên, Cerubo đã cho ra mắt một bộ sưu tập gỗ mang tên PLAM và bộ sưu tập mới đây mang tên Latree, nhà máy đã sử dụng gỗ tái chế để sản xuất những phụ kiện bằng gỗ với những sản phẩm nhỏ xinh, lạ mắt và nhận được sự đánh giá cao từ phía khách hàng.\r\nCerubo, thương hiệu nội thất của Nhật, nhà máy sản xuất tại Việt Nam.\r\n- Kích thước:  D195 x S145 x C30 mm\r\n- Chất liệu:  Oak + Walnut  / Gỗ Sồi  + Óc Chó nhập khẩu\r\n- Màu sắc: Gỗ tự nhiên. Màu sắc sản phẩm thực tế có thể chênh lệch do độ đậm nhạt của từng cây gỗ (tùy thuộc vào tuổi cây). Tuy nhiên độ chênh lệch không đáng kể.\r\n- Xuất xứ: sản xuất tại Việt Nam\r\n- Sử dụng trong nhà, tránh tiếp xúc trực tiếp ánh nắng và ẩm lâu ngày', 0, 0, 0, '2020-07-09 09:05:26', '2020-07-09 09:05:26'),
(156, 'Miếng Ngăn Sách', NULL, 50, 250000, 0, 'Miếng ngăn sách bằng gỗ Book Divider - Walnut.webp', 72, 25, 'CERUBO bắt nguồn từ thị trấn Takumi, ở Hida Takayama, Nhật Bản. Công ty được biết đến với việc thiết kế và sản xuất các sản phẩm Nội thất bằng gỗ thịt với các kỹ năng truyền thống của Nhật Bản. Kỹ năng \"Truyền thống của Nhật Bản\" là \"đặc sản\" của chúng tôi vì chúng đã được phát triển và trau dồi qua nhiều thế hệ của thợ thủ công tại Nhật Bản. Hiện tại, với công nghệ tối tân nhất kết hợp với kỹ năng của các thợ thủ công, chúng tôi luôn mang tới những sản phẩm Nội thất tốt nhất cho khách hàng với giá phải chăng nhất, đó là cam kết của chúng tôi. Và từ ý tưởng tái sử dụng tài nguyên, Cerubo đã cho ra mắt một bộ sưu tập gỗ mang tên PLAM và bộ sưu tập mới đây mang tên Latree, nhà máy đã sử dụng gỗ tái chế để sản xuất những phụ kiện bằng gỗ với những sản phẩm nhỏ xinh, lạ mắt và nhận được sự đánh giá cao từ phía khách hàng.\r\nCerubo, thương hiệu nội thất của Nhật, nhà máy sản xuất tại Việt Nam.\r\n- Kích thước:  D195 x S145 x C30 mm\r\n- Chất liệu:  Oak + Walnut  / Gỗ Sồi  + Óc Chó nhập khẩu\r\n- Màu sắc: Gỗ tự nhiên. Màu sắc sản phẩm thực tế có thể chênh lệch do độ đậm nhạt của từng cây gỗ (tùy thuộc vào tuổi cây). Tuy nhiên độ chênh lệch không đáng kể.\r\n- Xuất xứ: sản xuất tại Việt Nam\r\n- Sử dụng trong nhà, tránh tiếp xúc trực tiếp ánh nắng và ẩm lâu ngày', 0, 0, 0, '2020-07-09 09:05:58', '2020-07-09 09:05:58'),
(157, 'Rế Bằng Gỗ', NULL, 50, 630000, 0, 'Rế bằng gỗ  Tray -  Walnut - Beech.webp', 72, 25, 'CERUBO bắt nguồn từ thị trấn Takumi, ở Hida Takayama, Nhật Bản. Công ty được biết đến với việc thiết kế và sản xuất các sản phẩm Nội thất bằng gỗ thịt với các kỹ năng truyền thống của Nhật Bản. Kỹ năng \"Truyền thống của Nhật Bản\" là \"đặc sản\" của chúng tôi vì chúng đã được phát triển và trau dồi qua nhiều thế hệ của thợ thủ công tại Nhật Bản. Hiện tại, với công nghệ tối tân nhất kết hợp với kỹ năng của các thợ thủ công, chúng tôi luôn mang tới những sản phẩm Nội thất tốt nhất cho khách hàng với giá phải chăng nhất, đó là cam kết của chúng tôi. Và từ ý tưởng tái sử dụng tài nguyên, Cerubo đã cho ra mắt một bộ sưu tập gỗ mang tên PLAM và bộ sưu tập mới đây mang tên Latree, nhà máy đã sử dụng gỗ tái chế để sản xuất những phụ kiện bằng gỗ với những sản phẩm nhỏ xinh, lạ mắt và nhận được sự đánh giá cao từ phía khách hàng.\r\nCerubo, thương hiệu nội thất của Nhật, nhà máy sản xuất tại Việt Nam.\r\n- Kích thước:  D195 x S145 x C30 mm\r\n- Chất liệu:  Oak + Walnut  / Gỗ Sồi  + Óc Chó nhập khẩu\r\n- Màu sắc: Gỗ tự nhiên. Màu sắc sản phẩm thực tế có thể chênh lệch do độ đậm nhạt của từng cây gỗ (tùy thuộc vào tuổi cây). Tuy nhiên độ chênh lệch không đáng kể.\r\n- Xuất xứ: sản xuất tại Việt Nam\r\n- Sử dụng trong nhà, tránh tiếp xúc trực tiếp ánh nắng và ẩm lâu ngày', 0, 0, 0, '2020-07-09 09:06:28', '2020-07-09 09:06:28'),
(158, 'Rế Bằng Gỗ', NULL, 50, 630000, 50, 'Rế bằng gỗ  Tray - Oak - Walnut - Beech.webp', 72, 25, 'CERUBO bắt nguồn từ thị trấn Takumi, ở Hida Takayama, Nhật Bản. Công ty được biết đến với việc thiết kế và sản xuất các sản phẩm Nội thất bằng gỗ thịt với các kỹ năng truyền thống của Nhật Bản. Kỹ năng \"Truyền thống của Nhật Bản\" là \"đặc sản\" của chúng tôi vì chúng đã được phát triển và trau dồi qua nhiều thế hệ của thợ thủ công tại Nhật Bản. Hiện tại, với công nghệ tối tân nhất kết hợp với kỹ năng của các thợ thủ công, chúng tôi luôn mang tới những sản phẩm Nội thất tốt nhất cho khách hàng với giá phải chăng nhất, đó là cam kết của chúng tôi. Và từ ý tưởng tái sử dụng tài nguyên, Cerubo đã cho ra mắt một bộ sưu tập gỗ mang tên PLAM và bộ sưu tập mới đây mang tên Latree, nhà máy đã sử dụng gỗ tái chế để sản xuất những phụ kiện bằng gỗ với những sản phẩm nhỏ xinh, lạ mắt và nhận được sự đánh giá cao từ phía khách hàng.\r\nCerubo, thương hiệu nội thất của Nhật, nhà máy sản xuất tại Việt Nam.\r\n- Kích thước:  D195 x S145 x C30 mm\r\n- Chất liệu:  Oak + Walnut  / Gỗ Sồi  + Óc Chó nhập khẩu\r\n- Màu sắc: Gỗ tự nhiên. Màu sắc sản phẩm thực tế có thể chênh lệch do độ đậm nhạt của từng cây gỗ (tùy thuộc vào tuổi cây). Tuy nhiên độ chênh lệch không đáng kể.\r\n- Xuất xứ: sản xuất tại Việt Nam\r\n- Sử dụng trong nhà, tránh tiếp xúc trực tiếp ánh nắng và ẩm lâu ngày', 0, 0, 0, '2020-07-09 09:08:01', '2020-07-09 09:08:01'),
(159, 'Giá Treo Quần Áo Loại II', NULL, 100, 850000, 0, 'Giá treo quần áo bằng gỗ  Coat Hanger - Beech - Walnut.webp', 72, 25, 'CERUBO bắt nguồn từ thị trấn Takumi, ở Hida Takayama, Nhật Bản. Công ty được biết đến với việc thiết kế và sản xuất các sản phẩm Nội thất bằng gỗ thịt với các kỹ năng truyền thống của Nhật Bản. Kỹ năng \"Truyền thống của Nhật Bản\" là \"đặc sản\" của chúng tôi vì chúng đã được phát triển và trau dồi qua nhiều thế hệ của thợ thủ công tại Nhật Bản. Hiện tại, với công nghệ tối tân nhất kết hợp với kỹ năng của các thợ thủ công, chúng tôi luôn mang tới những sản phẩm Nội thất tốt nhất cho khách hàng với giá phải chăng nhất, đó là cam kết của chúng tôi. Và từ ý tưởng tái sử dụng tài nguyên, Cerubo đã cho ra mắt một bộ sưu tập gỗ mang tên PLAM và bộ sưu tập mới đây mang tên Latree, nhà máy đã sử dụng gỗ tái chế để sản xuất những phụ kiện bằng gỗ với những sản phẩm nhỏ xinh, lạ mắt và nhận được sự đánh giá cao từ phía khách hàng.\r\nCerubo, thương hiệu nội thất của Nhật, nhà máy sản xuất tại Việt Nam.\r\n- Kích thước:  D195 x S145 x C30 mm\r\n- Chất liệu:  Oak + Walnut  / Gỗ Sồi  + Óc Chó nhập khẩu\r\n- Màu sắc: Gỗ tự nhiên. Màu sắc sản phẩm thực tế có thể chênh lệch do độ đậm nhạt của từng cây gỗ (tùy thuộc vào tuổi cây). Tuy nhiên độ chênh lệch không đáng kể.\r\n- Xuất xứ: sản xuất tại Việt Nam\r\n- Sử dụng trong nhà, tránh tiếp xúc trực tiếp ánh nắng và ẩm lâu ngày', 0, 0, 0, '2020-07-09 09:09:15', '2020-07-09 09:09:15'),
(160, 'Chậu Cây ARNHEM', NULL, 50, 450000, 0, 'Chậu cây composite ARNHEM - Black.webp', 73, 26, 'Chậu cây composite Kent được hoàn thiện bề mặt mô phỏng đá tự nhiên với bề mặt xử lý nhám, cho ra sản phẩm như sử dụng vật liệu đá tự nhiên nhưng nhẹ hơn 70% về khối lượng. Chậu Kent có thể đặt trong nhà hay ngoài ban công, sân vườn đều phù hợp\r\n\r\nĐược làm từ sợi thủy tinh và hỗn hợp khoáng chất, các sản phẩm chậu cây của ESTERAS nhẹ hơn 70% so với các loại làm bằng đá tự nhiên. Là thương hiệu hàng đầu thế giới về chậu composite và đài phun nước, ESTARAS luôn sản xuất ra những sản phẩm tinh tế và mang lại sự thoải mái nhất cho người sử dụng.\r\n- Kích thước sản phẩm:\r\n\r\n     + Dia.270 - H.270 / 10 litres\r\n\r\n     + Dia.370 - H.370 / 35 litres\r\n\r\n     + Dia.470 - H.470 / 50 litres\r\n\r\n- Chất liệu: Fiberglass & mineral composite\r\n\r\n- Màu sắc: Basalt grey / Basalt black\r\n\r\n- Chống sương giá / thời tiết / tia UV\r\n\r\n- Nhẹ hơn 70% so với bê tông', 0, 0, 0, '2020-07-10 03:20:01', '2020-07-10 03:20:01'),
(161, 'Chậu Cây BRISTOL', NULL, 50, 520000, 5, 'Chậu cây composite BRISTOL XXL - Lead.webp', 73, 26, 'Chậu cây composite được hoàn thiện bề mặt mô phỏng đá tự nhiên với bề mặt xử lý nhám, cho ra sản phẩm như sử dụng vật liệu đá tự nhiên nhưng nhẹ hơn 70% về khối lượng. Chậu Kent có thể đặt trong nhà hay ngoài ban công, sân vườn đều phù hợp\r\n\r\nĐược làm từ sợi thủy tinh và hỗn hợp khoáng chất, các sản phẩm chậu cây của ESTERAS nhẹ hơn 70% so với các loại làm bằng đá tự nhiên. Là thương hiệu hàng đầu thế giới về chậu composite và đài phun nước, ESTARAS luôn sản xuất ra những sản phẩm tinh tế và mang lại sự thoải mái nhất cho người sử dụng.\r\n- Kích thước sản phẩm:\r\n\r\n     + Dia.270 - H.270 / 10 litres\r\n\r\n     + Dia.370 - H.370 / 35 litres\r\n\r\n     + Dia.470 - H.470 / 50 litres\r\n\r\n- Chất liệu: Fiberglass & mineral composite\r\n\r\n- Màu sắc: Basalt grey / Basalt black\r\n\r\n- Chống sương giá / thời tiết / tia UV\r\n\r\n- Nhẹ hơn 70% so với bê tông', 0, 0, 0, '2020-07-10 03:23:42', '2020-07-10 03:23:42'),
(162, 'Chậu Cây BRISTOL', NULL, 25, 600000, 0, 'Chậu cây composite BRISTOL XXL - Rust.webp', 73, 26, 'Chậu cây composite Kent được hoàn thiện bề mặt mô phỏng đá tự nhiên với bề mặt xử lý nhám, cho ra sản phẩm như sử dụng vật liệu đá tự nhiên nhưng nhẹ hơn 70% về khối lượng. Chậu Kent có thể đặt trong nhà hay ngoài ban công, sân vườn đều phù hợp\r\n\r\nĐược làm từ sợi thủy tinh và hỗn hợp khoáng chất, các sản phẩm chậu cây của ESTERAS nhẹ hơn 70% so với các loại làm bằng đá tự nhiên. Là thương hiệu hàng đầu thế giới về chậu composite và đài phun nước, ESTARAS luôn sản xuất ra những sản phẩm tinh tế và mang lại sự thoải mái nhất cho người sử dụng.\r\n- Kích thước sản phẩm:\r\n\r\n     + Dia.270 - H.270 / 10 litres\r\n\r\n     + Dia.370 - H.370 / 35 litres\r\n\r\n     + Dia.470 - H.470 / 50 litres\r\n\r\n- Chất liệu: Fiberglass & mineral composite\r\n\r\n- Màu sắc: Basalt grey / Basalt black\r\n\r\n- Chống sương giá / thời tiết / tia UV\r\n\r\n- Nhẹ hơn 70% so với bê tông', 0, 0, 0, '2020-07-10 03:26:26', '2020-07-10 03:26:26'),
(163, 'Chậu Cây BUREN', NULL, 50, 680000, 0, 'Chậu cây composite BUREN XXL - Black.webp', 73, 26, 'Chậu cây composite Kent được hoàn thiện bề mặt mô phỏng đá tự nhiên với bề mặt xử lý nhám, cho ra sản phẩm như sử dụng vật liệu đá tự nhiên nhưng nhẹ hơn 70% về khối lượng. Chậu Kent có thể đặt trong nhà hay ngoài ban công, sân vườn đều phù hợp\r\n\r\nĐược làm từ sợi thủy tinh và hỗn hợp khoáng chất, các sản phẩm chậu cây của ESTERAS nhẹ hơn 70% so với các loại làm bằng đá tự nhiên. Là thương hiệu hàng đầu thế giới về chậu composite và đài phun nước, ESTARAS luôn sản xuất ra những sản phẩm tinh tế và mang lại sự thoải mái nhất cho người sử dụng.\r\n- Kích thước sản phẩm:\r\n\r\n     + Dia.270 - H.270 / 10 litres\r\n\r\n     + Dia.370 - H.370 / 35 litres\r\n\r\n     + Dia.470 - H.470 / 50 litres\r\n\r\n- Chất liệu: Fiberglass & mineral composite\r\n\r\n- Màu sắc: Basalt grey / Basalt black\r\n\r\n- Chống sương giá / thời tiết / tia UV\r\n\r\n- Nhẹ hơn 70% so với bê tông', 0, 0, 0, '2020-07-10 03:27:02', '2020-07-10 03:27:02'),
(164, 'Chậu Cây DALFSEN', NULL, 100, 890000, 50, 'Chậu cây composite DALFSEN XXL - Black.webp', 73, 26, 'Chậu cây composite Kent được hoàn thiện bề mặt mô phỏng đá tự nhiên với bề mặt xử lý nhám, cho ra sản phẩm như sử dụng vật liệu đá tự nhiên nhưng nhẹ hơn 70% về khối lượng. Chậu Kent có thể đặt trong nhà hay ngoài ban công, sân vườn đều phù hợp\r\n\r\nĐược làm từ sợi thủy tinh và hỗn hợp khoáng chất, các sản phẩm chậu cây của ESTERAS nhẹ hơn 70% so với các loại làm bằng đá tự nhiên. Là thương hiệu hàng đầu thế giới về chậu composite và đài phun nước, ESTARAS luôn sản xuất ra những sản phẩm tinh tế và mang lại sự thoải mái nhất cho người sử dụng.\r\n- Kích thước sản phẩm:\r\n\r\n     + Dia.270 - H.270 / 10 litres\r\n\r\n     + Dia.370 - H.370 / 35 litres\r\n\r\n     + Dia.470 - H.470 / 50 litres\r\n\r\n- Chất liệu: Fiberglass & mineral composite\r\n\r\n- Màu sắc: Basalt grey / Basalt black\r\n\r\n- Chống sương giá / thời tiết / tia UV\r\n\r\n- Nhẹ hơn 70% so với bê tông', 0, 0, 0, '2020-07-10 03:29:49', '2020-07-10 03:29:49'),
(165, 'Chậu Cây EHGAM', NULL, 50, 560000, 0, 'Chậu cây composite EGHAM XXL - Lead.webp', 73, 26, 'Chậu cây composite Kent được hoàn thiện bề mặt mô phỏng đá tự nhiên với bề mặt xử lý nhám, cho ra sản phẩm như sử dụng vật liệu đá tự nhiên nhưng nhẹ hơn 70% về khối lượng. Chậu Kent có thể đặt trong nhà hay ngoài ban công, sân vườn đều phù hợp\r\n\r\nĐược làm từ sợi thủy tinh và hỗn hợp khoáng chất, các sản phẩm chậu cây của ESTERAS nhẹ hơn 70% so với các loại làm bằng đá tự nhiên. Là thương hiệu hàng đầu thế giới về chậu composite và đài phun nước, ESTARAS luôn sản xuất ra những sản phẩm tinh tế và mang lại sự thoải mái nhất cho người sử dụng.\r\n- Kích thước sản phẩm:\r\n\r\n     + Dia.270 - H.270 / 10 litres\r\n\r\n     + Dia.370 - H.370 / 35 litres\r\n\r\n     + Dia.470 - H.470 / 50 litres\r\n\r\n- Chất liệu: Fiberglass & mineral composite\r\n\r\n- Màu sắc: Basalt grey / Basalt black\r\n\r\n- Chống sương giá / thời tiết / tia UV\r\n\r\n- Nhẹ hơn 70% so với bê tông', 0, 0, 0, '2020-07-10 03:30:31', '2020-07-10 03:30:31'),
(166, 'Chậu Cây HEERLE', NULL, 100, 799000, 0, 'Chậu cây composite HEERLE XXL -  Black.webp', 73, 26, 'Chậu cây composite Kent được hoàn thiện bề mặt mô phỏng đá tự nhiên với bề mặt xử lý nhám, cho ra sản phẩm như sử dụng vật liệu đá tự nhiên nhưng nhẹ hơn 70% về khối lượng. Chậu Kent có thể đặt trong nhà hay ngoài ban công, sân vườn đều phù hợp\r\n\r\nĐược làm từ sợi thủy tinh và hỗn hợp khoáng chất, các sản phẩm chậu cây của ESTERAS nhẹ hơn 70% so với các loại làm bằng đá tự nhiên. Là thương hiệu hàng đầu thế giới về chậu composite và đài phun nước, ESTARAS luôn sản xuất ra những sản phẩm tinh tế và mang lại sự thoải mái nhất cho người sử dụng.\r\n- Kích thước sản phẩm:\r\n\r\n     + Dia.270 - H.270 / 10 litres\r\n\r\n     + Dia.370 - H.370 / 35 litres\r\n\r\n     + Dia.470 - H.470 / 50 litres\r\n\r\n- Chất liệu: Fiberglass & mineral composite\r\n\r\n- Màu sắc: Basalt grey / Basalt black\r\n\r\n- Chống sương giá / thời tiết / tia UV\r\n\r\n- Nhẹ hơn 70% so với bê tông', 0, 0, 0, '2020-07-10 03:31:27', '2020-07-10 03:31:27'),
(167, 'Chậu Cây HEERLE', NULL, 50, 1200000, 50, 'Chậu cây composite HEERLE XXL - Grey.webp', 73, 26, 'Chậu cây composite Kent được hoàn thiện bề mặt mô phỏng đá tự nhiên với bề mặt xử lý nhám, cho ra sản phẩm như sử dụng vật liệu đá tự nhiên nhưng nhẹ hơn 70% về khối lượng. Chậu Kent có thể đặt trong nhà hay ngoài ban công, sân vườn đều phù hợp\r\n\r\nĐược làm từ sợi thủy tinh và hỗn hợp khoáng chất, các sản phẩm chậu cây của ESTERAS nhẹ hơn 70% so với các loại làm bằng đá tự nhiên. Là thương hiệu hàng đầu thế giới về chậu composite và đài phun nước, ESTARAS luôn sản xuất ra những sản phẩm tinh tế và mang lại sự thoải mái nhất cho người sử dụng.\r\n- Kích thước sản phẩm:\r\n\r\n     + Dia.270 - H.270 / 10 litres\r\n\r\n     + Dia.370 - H.370 / 35 litres\r\n\r\n     + Dia.470 - H.470 / 50 litres\r\n\r\n- Chất liệu: Fiberglass & mineral composite\r\n\r\n- Màu sắc: Basalt grey / Basalt black\r\n\r\n- Chống sương giá / thời tiết / tia UV\r\n\r\n- Nhẹ hơn 70% so với bê tông', 0, 0, 0, '2020-07-10 03:32:21', '2020-07-10 03:32:21'),
(168, 'Chậu Cây OAMARU', NULL, 100, 850000, 0, 'Chậu cây composite OAMARU XXL - Cream white.webp', 73, 26, 'Chậu cây composite Kent được hoàn thiện bề mặt mô phỏng đá tự nhiên với bề mặt xử lý nhám, cho ra sản phẩm như sử dụng vật liệu đá tự nhiên nhưng nhẹ hơn 70% về khối lượng. Chậu Kent có thể đặt trong nhà hay ngoài ban công, sân vườn đều phù hợp\r\n\r\nĐược làm từ sợi thủy tinh và hỗn hợp khoáng chất, các sản phẩm chậu cây của ESTERAS nhẹ hơn 70% so với các loại làm bằng đá tự nhiên. Là thương hiệu hàng đầu thế giới về chậu composite và đài phun nước, ESTARAS luôn sản xuất ra những sản phẩm tinh tế và mang lại sự thoải mái nhất cho người sử dụng.\r\n- Kích thước sản phẩm:\r\n\r\n     + Dia.270 - H.270 / 10 litres\r\n\r\n     + Dia.370 - H.370 / 35 litres\r\n\r\n     + Dia.470 - H.470 / 50 litres\r\n\r\n- Chất liệu: Fiberglass & mineral composite\r\n\r\n- Màu sắc: Basalt grey / Basalt black\r\n\r\n- Chống sương giá / thời tiết / tia UV\r\n\r\n- Nhẹ hơn 70% so với bê tông', 0, 0, 0, '2020-07-10 03:33:32', '2020-07-10 03:33:32'),
(169, 'BALL Decor', NULL, 100, 1300000, 0, 'BALL decor - Black stone.webp', 73, 27, 'BALL được hoàn thiện bề mặt mô phỏng đá Granite, cho ra sản phẩm như sử dụng vật liệu đá tự nhiên nhưng nhẹ hơn 70% về khối lượng. Với hình dáng thon gọn, BALL có thể đặt ngoài ban công hay sân vườn đều phù hợp\r\n\r\nĐược làm từ sợi thủy tinh và hỗn hợp khoáng chất, các sản phẩm của ESTERAS nhẹ hơn 70% so với các loại làm bằng đá tự nhiên. Là thương hiệu hàng đầu thế giới về chậu composite và đài phun nước, ESTARAS luôn sản xuất ra những sản phẩm tinh tế và mang lại sự thoải mái nhất cho người sử dụng.\r\n- Kích thước sản phẩm:\r\n\r\n     + Dia.650 - H.640 / 14kg\r\n\r\n     + Dia.500 - H.490 / 9kg\r\n\r\n     + Dia.400 - H.390 / 6kg\r\n\r\n- Chất liệu: Fiberglass & mineral composite\r\n\r\n- Màu sắc: Black stone / Granite grey', 0, 0, 0, '2020-07-10 03:35:33', '2020-07-10 03:35:33'),
(170, 'Bình ANATOLIA', NULL, 100, 9500000, 0, 'Bình Anatolia - Atlantis.webp', 73, 27, 'Những sản phẩm sứ được nung thủ công bằng củi nên có chất lượng lớp men vượt trội so với các sản phẩm cùng loại nung bằng lò gaz. Hàng nghìn kiểu dáng thiết kế, kích thước sản phẩm từ nhỏ tới ngoại cỡ; với đa dạng màu sắc và kỹ thuật hoàn thện bề mặt khác nhau đáp ứng được tất cả mọi nhu cầu của người sử dụng\r\n\r\nLà sản phẩm làm thủ công bằng tay nên không sản phẩm nào giống hoàn toàn với sản phẩm nào. Mỗi sản phẩm có những màu men đậm nhạt khác nhau tạo nên cái hồn của sản phẩm.\r\n- Kích thước sản phẩm:\r\n\r\n     + S: Dia.470 - H.920 / 65 kg\r\n\r\n     + L: Dia.580 - H.1080 / 80 kg\r\n\r\n- Chất liệu: Ceramic / phủ men bóng / phun cát\r\n\r\n- Màu sắc: nhiều màu sắc', 0, 0, 0, '2020-07-10 03:43:43', '2020-07-10 03:43:43'),
(171, 'Bình ALANTIS', NULL, 100, 10200000, 0, 'Bình Bee Hive - Atlantis.webp', 73, 27, 'Những sản phẩm sứ được nung thủ công bằng củi nên có chất lượng lớp men vượt trội so với các sản phẩm cùng loại nung bằng lò gaz. Hàng nghìn kiểu dáng thiết kế, kích thước sản phẩm từ nhỏ tới ngoại cỡ; với đa dạng màu sắc và kỹ thuật hoàn thện bề mặt khác nhau đáp ứng được tất cả mọi nhu cầu của người sử dụng\r\n\r\nLà sản phẩm làm thủ công bằng tay nên không sản phẩm nào giống hoàn toàn với sản phẩm nào. Mỗi sản phẩm có những màu men đậm nhạt khác nhau tạo nên cái hồn của sản phẩm.\r\n- Kích thước sản phẩm:\r\n\r\n     + S: Dia.470 - H.920 / 65 kg\r\n\r\n     + L: Dia.580 - H.1080 / 80 kg\r\n\r\n- Chất liệu: Ceramic / phủ men bóng / phun cát\r\n\r\n- Màu sắc: nhiều màu sắc', 0, 0, 0, '2020-07-10 03:51:11', '2020-07-10 03:51:11'),
(172, 'Bình PALOUR', NULL, 100, 8900000, 20, 'Bình Parlour - Glazed.webp', 73, 27, 'Những sản phẩm sứ được nung thủ công bằng củi nên có chất lượng lớp men vượt trội so với các sản phẩm cùng loại nung bằng lò gaz. Hàng nghìn kiểu dáng thiết kế, kích thước sản phẩm từ nhỏ tới ngoại cỡ; với đa dạng màu sắc và kỹ thuật hoàn thện bề mặt khác nhau đáp ứng được tất cả mọi nhu cầu của người sử dụng\r\n\r\nLà sản phẩm làm thủ công bằng tay nên không sản phẩm nào giống hoàn toàn với sản phẩm nào. Mỗi sản phẩm có những màu men đậm nhạt khác nhau tạo nên cái hồn của sản phẩm.\r\n- Kích thước sản phẩm:\r\n\r\n     + S: Dia.470 - H.920 / 65 kg\r\n\r\n     + L: Dia.580 - H.1080 / 80 kg\r\n\r\n- Chất liệu: Ceramic / phủ men bóng / phun cát\r\n\r\n- Màu sắc: nhiều màu sắc', 0, 0, 0, '2020-07-10 03:52:21', '2020-07-10 03:52:21'),
(173, 'Bình PHARAOH', NULL, 100, 15000000, 15, 'Bình Pharaoh - Atlantis.webp', 73, 27, 'Những sản phẩm sứ được nung thủ công bằng củi nên có chất lượng lớp men vượt trội so với các sản phẩm cùng loại nung bằng lò gaz. Hàng nghìn kiểu dáng thiết kế, kích thước sản phẩm từ nhỏ tới ngoại cỡ; với đa dạng màu sắc và kỹ thuật hoàn thện bề mặt khác nhau đáp ứng được tất cả mọi nhu cầu của người sử dụng\r\n\r\nLà sản phẩm làm thủ công bằng tay nên không sản phẩm nào giống hoàn toàn với sản phẩm nào. Mỗi sản phẩm có những màu men đậm nhạt khác nhau tạo nên cái hồn của sản phẩm.\r\n- Kích thước sản phẩm:\r\n\r\n     + S: Dia.470 - H.920 / 65 kg\r\n\r\n     + L: Dia.580 - H.1080 / 80 kg\r\n\r\n- Chất liệu: Ceramic / phủ men bóng / phun cát\r\n\r\n- Màu sắc: nhiều màu sắc', 0, 0, 0, '2020-07-10 03:52:57', '2020-07-10 03:52:57'),
(174, 'Bình Xi Măng SAFARI', NULL, 100, 5400000, 0, 'Bình xi măng SAFARI.webp', 73, 27, 'Những sản phẩm sứ được nung thủ công bằng củi nên có chất lượng lớp men vượt trội so với các sản phẩm cùng loại nung bằng lò gaz. Hàng nghìn kiểu dáng thiết kế, kích thước sản phẩm từ nhỏ tới ngoại cỡ; với đa dạng màu sắc và kỹ thuật hoàn thện bề mặt khác nhau đáp ứng được tất cả mọi nhu cầu của người sử dụng\r\n\r\nLà sản phẩm làm thủ công bằng tay nên không sản phẩm nào giống hoàn toàn với sản phẩm nào. Mỗi sản phẩm có những màu men đậm nhạt khác nhau tạo nên cái hồn của sản phẩm.\r\n- Kích thước sản phẩm:\r\n\r\n     + S: Dia.470 - H.920 / 65 kg\r\n\r\n     + L: Dia.580 - H.1080 / 80 kg\r\n\r\n- Chất liệu: Ceramic / phủ men bóng / phun cát\r\n\r\n- Màu sắc: nhiều màu sắc', 0, 0, 0, '2020-07-10 03:53:35', '2020-07-10 03:53:35'),
(175, 'Kệ Tròn Trưng Cây', NULL, 100, 560000, 0, 'Kệ tròn trưng cây Lux.webp', 73, 27, 'Kệ sắt Lux dùng để trưng cây cảnh, chứa đồ và có thể dùng cho nhiều mục đích khác.\r\n- Kích thước sản phẩm:\r\n\r\n     + Dia.400 - H.190 / 505\r\n\r\n     + Khối lượng: 9 kg\r\n\r\n- Chất liệu: thép 2 mm / sơn tĩnh điện\r\n\r\n- Màu sắc: Đen / Xanh đen / Trắng', 0, 0, 0, '2020-07-10 03:54:39', '2020-07-10 03:54:39'),
(176, 'Kệ Dài Trưng Cây', NULL, 100, 750000, 10, 'Kệ trưng cây dài Lux.webp', 73, 27, 'Kệ sắt Lux dùng để trưng cây cảnh, chứa đồ và có thể dùng cho nhiều mục đích khác\r\n- Kích thước sản phẩm:\r\n\r\n     + Dia.400 - H.190 / 505\r\n\r\n     + Khối lượng: 9 kg\r\n\r\n- Chất liệu: thép 2 mm / sơn tĩnh điện\r\n\r\n- Màu sắc: Đen / Xanh đen / Trắng', 0, 0, 0, '2020-07-10 03:55:58', '2020-07-10 03:55:58'),
(177, 'Kệ Trưng Cây', NULL, 50, 650000, 0, 'Kệ trưng cây ngắn.webp', 73, 27, 'Kệ sắt Lux dùng để trưng cây cảnh, chứa đồ và có thể dùng cho nhiều mục đích khác.\r\n- Kích thước sản phẩm:\r\n\r\n     + Dia.400 - H.190 / 505\r\n\r\n     + Khối lượng: 9 kg\r\n\r\n- Chất liệu: thép 2 mm / sơn tĩnh điện\r\n\r\n- Màu sắc: Đen / Xanh đen / Trắng', 0, 0, 0, '2020-07-10 03:56:44', '2020-07-10 03:56:44'),
(178, 'Thác Nước APURO ', NULL, 50, 9250000, 0, 'Thác nước APURO 87 - Black stone.webp', 73, 28, 'Đài phun nước APURO được hoàn thiện bề mặt mô phỏng đá Granite, cho ra sản phẩm như sử dụng vật liệu đá tự nhiên nhưng nhẹ hơn 70% về khối lượng. Với hình dáng thon gọn, APURO có thể đặt trong nhà hay ngoài ban công, sân vườn đều phù hợp Được làm từ sợi thủy tinh và hỗn hợp khoáng chất, các sản phẩm đài phun nước của ESTERAS nhẹ hơn 70% so với các loại làm bằng đá tự nhiên. Là thương hiệu hàng đầu thế giới về chậu composite và đài phun nước, ESTARAS luôn sản xuất ra những sản phẩm tinh tế và mang lại sự thoải mái nhất cho người sử dụng. Đài phun nước tích hợp sẵn bơm và đèn Led ánh sáng trắng ấm cúng tạo ra màn trình diển nước tuyệt vời. Những gợn sóng êm dịu của nước mang lại sự thư giãn tinh khiết và bổ trợ cho mọi không gian sân vườn thêm bắt mắt và nhẹ nhàng ấm áp. - Kích thước sản phẩm: + 320 x 320 x H.870 / 23kg - Chất liệu: Fiberglass & mineral composite - Màu sắc: Black stone / Granite grey', 0, 0, 0, '2020-07-10 03:58:56', '2020-07-10 03:58:56'),
(179, 'Thác Nước DUIVEN', NULL, 100, 6520000, 0, 'Thác nước DUIVEN 57 - Black.webp', 73, 28, 'Đài phun nước DUIVEN được hoàn thiện bề mặt mô phỏng đá Granite, cho ra sản phẩm như sử dụng vật liệu đá tự nhiên nhưng nhẹ hơn 70% về khối lượng. Với hình dáng thon gọn, APURO có thể đặt trong nhà hay ngoài ban công, sân vườn đều phù hợp Được làm từ sợi thủy tinh và hỗn hợp khoáng chất, các sản phẩm đài phun nước của ESTERAS nhẹ hơn 70% so với các loại làm bằng đá tự nhiên. Là thương hiệu hàng đầu thế giới về chậu composite và đài phun nước, ESTARAS luôn sản xuất ra những sản phẩm tinh tế và mang lại sự thoải mái nhất cho người sử dụng. Đài phun nước tích hợp sẵn bơm và đèn Led ánh sáng trắng ấm cúng tạo ra màn trình diển nước tuyệt vời. Những gợn sóng êm dịu của nước mang lại sự thư giãn tinh khiết và bổ trợ cho mọi không gian sân vườn thêm bắt mắt và nhẹ nhàng ấm áp. - Kích thước sản phẩm: + 320 x 320 x H.870 / 23kg - Chất liệu: Fiberglass & mineral composite - Màu sắc: Black stone / Granite grey', 0, 0, 0, '2020-07-10 04:01:11', '2020-07-10 04:01:11'),
(180, 'Thác Nước BEEK', NULL, 50, 7800000, 0, 'Thác nước BEEK 41 - Grey.webp', 73, 28, 'Đài phun nước được hoàn thiện bề mặt mô phỏng đá Granite, cho ra sản phẩm như sử dụng vật liệu đá tự nhiên nhưng nhẹ hơn 70% về khối lượng. Với hình dáng thon gọn, APURO có thể đặt trong nhà hay ngoài ban công, sân vườn đều phù hợp Được làm từ sợi thủy tinh và hỗn hợp khoáng chất, các sản phẩm đài phun nước của ESTERAS nhẹ hơn 70% so với các loại làm bằng đá tự nhiên. Là thương hiệu hàng đầu thế giới về chậu composite và đài phun nước, ESTARAS luôn sản xuất ra những sản phẩm tinh tế và mang lại sự thoải mái nhất cho người sử dụng. Đài phun nước tích hợp sẵn bơm và đèn Led ánh sáng trắng ấm cúng tạo ra màn trình diển nước tuyệt vời. Những gợn sóng êm dịu của nước mang lại sự thư giãn tinh khiết và bổ trợ cho mọi không gian sân vườn thêm bắt mắt và nhẹ nhàng ấm áp. - Kích thước sản phẩm: + 320 x 320 x H.870 / 23kg - Chất liệu: Fiberglass & mineral composite - Màu sắc: Black stone / Granite grey', 0, 0, 0, '2020-07-10 04:02:02', '2020-07-10 04:02:02'),
(181, 'Thác Nước GUAPI', NULL, 50, 8400000, 0, 'Thác nước GUAPI 57 - Granite grey.webp', 73, 28, 'Đài phun nước được hoàn thiện bề mặt mô phỏng đá Granite, cho ra sản phẩm như sử dụng vật liệu đá tự nhiên nhưng nhẹ hơn 70% về khối lượng. Với hình dáng thon gọn, APURO có thể đặt trong nhà hay ngoài ban công, sân vườn đều phù hợp Được làm từ sợi thủy tinh và hỗn hợp khoáng chất, các sản phẩm đài phun nước của ESTERAS nhẹ hơn 70% so với các loại làm bằng đá tự nhiên. Là thương hiệu hàng đầu thế giới về chậu composite và đài phun nước, ESTARAS luôn sản xuất ra những sản phẩm tinh tế và mang lại sự thoải mái nhất cho người sử dụng. Đài phun nước tích hợp sẵn bơm và đèn Led ánh sáng trắng ấm cúng tạo ra màn trình diển nước tuyệt vời. Những gợn sóng êm dịu của nước mang lại sự thư giãn tinh khiết và bổ trợ cho mọi không gian sân vườn thêm bắt mắt và nhẹ nhàng ấm áp. - Kích thước sản phẩm: + 320 x 320 x H.870 / 23kg - Chất liệu: Fiberglass & mineral composite - Màu sắc: Black stone / Granite grey', 0, 0, 0, '2020-07-10 04:02:38', '2020-07-10 04:02:38'),
(182, 'Thác Nước LOA', NULL, 50, 6950000, 0, 'Thác nước LOA 57 - Black stone.webp', 73, 28, 'Đài phun nước được hoàn thiện bề mặt mô phỏng đá Granite, cho ra sản phẩm như sử dụng vật liệu đá tự nhiên nhưng nhẹ hơn 70% về khối lượng. Với hình dáng thon gọn, APURO có thể đặt trong nhà hay ngoài ban công, sân vườn đều phù hợp Được làm từ sợi thủy tinh và hỗn hợp khoáng chất, các sản phẩm đài phun nước của ESTERAS nhẹ hơn 70% so với các loại làm bằng đá tự nhiên. Là thương hiệu hàng đầu thế giới về chậu composite và đài phun nước, ESTARAS luôn sản xuất ra những sản phẩm tinh tế và mang lại sự thoải mái nhất cho người sử dụng. Đài phun nước tích hợp sẵn bơm và đèn Led ánh sáng trắng ấm cúng tạo ra màn trình diển nước tuyệt vời. Những gợn sóng êm dịu của nước mang lại sự thư giãn tinh khiết và bổ trợ cho mọi không gian sân vườn thêm bắt mắt và nhẹ nhàng ấm áp. - Kích thước sản phẩm: + 320 x 320 x H.870 / 23kg - Chất liệu: Fiberglass & mineral composite - Màu sắc: Black stone / Granite grey', 0, 0, 0, '2020-07-10 04:03:32', '2020-07-10 04:03:32'),
(183, 'Thác Nước PRETO', NULL, 50, 7650000, 10, 'Thác nước PRETO 103 - Granite grey.webp', 73, 28, 'Đài phun nước được hoàn thiện bề mặt mô phỏng đá Granite, cho ra sản phẩm như sử dụng vật liệu đá tự nhiên nhưng nhẹ hơn 70% về khối lượng. Với hình dáng thon gọn, APURO có thể đặt trong nhà hay ngoài ban công, sân vườn đều phù hợp Được làm từ sợi thủy tinh và hỗn hợp khoáng chất, các sản phẩm đài phun nước của ESTERAS nhẹ hơn 70% so với các loại làm bằng đá tự nhiên. Là thương hiệu hàng đầu thế giới về chậu composite và đài phun nước, ESTARAS luôn sản xuất ra những sản phẩm tinh tế và mang lại sự thoải mái nhất cho người sử dụng. Đài phun nước tích hợp sẵn bơm và đèn Led ánh sáng trắng ấm cúng tạo ra màn trình diển nước tuyệt vời. Những gợn sóng êm dịu của nước mang lại sự thư giãn tinh khiết và bổ trợ cho mọi không gian sân vườn thêm bắt mắt và nhẹ nhàng ấm áp. - Kích thước sản phẩm: + 320 x 320 x H.870 / 23kg - Chất liệu: Fiberglass & mineral composite - Màu sắc: Black stone / Granite grey', 0, 0, 0, '2020-07-10 04:05:17', '2020-07-10 04:05:17'),
(184, 'Thác Nước TOA', NULL, 100, 6890000, 0, 'Thác nước TOA 57 - Granite grey.webp', 73, 28, 'Đài phun nước được hoàn thiện bề mặt mô phỏng đá Granite, cho ra sản phẩm như sử dụng vật liệu đá tự nhiên nhưng nhẹ hơn 70% về khối lượng. Với hình dáng thon gọn, APURO có thể đặt trong nhà hay ngoài ban công, sân vườn đều phù hợp Được làm từ sợi thủy tinh và hỗn hợp khoáng chất, các sản phẩm đài phun nước của ESTERAS nhẹ hơn 70% so với các loại làm bằng đá tự nhiên. Là thương hiệu hàng đầu thế giới về chậu composite và đài phun nước, ESTARAS luôn sản xuất ra những sản phẩm tinh tế và mang lại sự thoải mái nhất cho người sử dụng. Đài phun nước tích hợp sẵn bơm và đèn Led ánh sáng trắng ấm cúng tạo ra màn trình diển nước tuyệt vời. Những gợn sóng êm dịu của nước mang lại sự thư giãn tinh khiết và bổ trợ cho mọi không gian sân vườn thêm bắt mắt và nhẹ nhàng ấm áp. - Kích thước sản phẩm: + 320 x 320 x H.870 / 23kg - Chất liệu: Fiberglass & mineral composite - Màu sắc: Black stone / Granite grey', 0, 0, 0, '2020-07-10 04:06:02', '2020-07-10 04:06:02'),
(185, 'Thác Nước ARMA', NULL, 100, 10320000, 0, 'Thác nước ARMA 59 - Granite grey.webp', 73, 28, 'Đài phun nước được hoàn thiện bề mặt mô phỏng đá Granite, cho ra sản phẩm như sử dụng vật liệu đá tự nhiên nhưng nhẹ hơn 70% về khối lượng. Với hình dáng thon gọn, APURO có thể đặt trong nhà hay ngoài ban công, sân vườn đều phù hợp Được làm từ sợi thủy tinh và hỗn hợp khoáng chất, các sản phẩm đài phun nước của ESTERAS nhẹ hơn 70% so với các loại làm bằng đá tự nhiên. Là thương hiệu hàng đầu thế giới về chậu composite và đài phun nước, ESTARAS luôn sản xuất ra những sản phẩm tinh tế và mang lại sự thoải mái nhất cho người sử dụng. Đài phun nước tích hợp sẵn bơm và đèn Led ánh sáng trắng ấm cúng tạo ra màn trình diển nước tuyệt vời. Những gợn sóng êm dịu của nước mang lại sự thư giãn tinh khiết và bổ trợ cho mọi không gian sân vườn thêm bắt mắt và nhẹ nhàng ấm áp. - Kích thước sản phẩm: + 320 x 320 x H.870 / 23kg - Chất liệu: Fiberglass & mineral composite - Màu sắc: Black stone / Granite grey', 0, 0, 0, '2020-07-10 04:06:51', '2020-07-10 04:06:51'),
(186, 'Thác Nước PARU', NULL, 100, 8200000, 30, 'Thác nước PARU 67 - Corten steel.webp', 73, 28, 'Đài phun nước được hoàn thiện bề mặt mô phỏng đá Granite, cho ra sản phẩm như sử dụng vật liệu đá tự nhiên nhưng nhẹ hơn 70% về khối lượng. Với hình dáng thon gọn, APURO có thể đặt trong nhà hay ngoài ban công, sân vườn đều phù hợp Được làm từ sợi thủy tinh và hỗn hợp khoáng chất, các sản phẩm đài phun nước của ESTERAS nhẹ hơn 70% so với các loại làm bằng đá tự nhiên. Là thương hiệu hàng đầu thế giới về chậu composite và đài phun nước, ESTARAS luôn sản xuất ra những sản phẩm tinh tế và mang lại sự thoải mái nhất cho người sử dụng. Đài phun nước tích hợp sẵn bơm và đèn Led ánh sáng trắng ấm cúng tạo ra màn trình diển nước tuyệt vời. Những gợn sóng êm dịu của nước mang lại sự thư giãn tinh khiết và bổ trợ cho mọi không gian sân vườn thêm bắt mắt và nhẹ nhàng ấm áp. - Kích thước sản phẩm: + 320 x 320 x H.870 / 23kg - Chất liệu: Fiberglass & mineral composite - Màu sắc: Black stone / Granite grey', 0, 0, 0, '2020-07-10 04:07:30', '2020-07-10 04:07:30'),
(187, 'Lavabo BOW', NULL, 100, 1600000, 50, 'Lavabo BOW - Black.webp', 73, 29, 'Các sản phẩm của thương hiệu Nhàta đều được làm từ bê tông tươi, cốt sợi thực vật nên thân thiện môi trường và không có hại cho người sản xuất.\r\nSản phẩm làm thủ công nên mỗi sản phẩm là duy nhất và không sản phẩm nào hoàn toàn giống sản phẩm nào về màu sắc\r\nSản phẩm bê tông dùng được cả trong nhà và Ngoài trời, không bị thấm và loang nước.\r\n- Kích thước sản phẩm:\r\n\r\n     + Dia.400 x H.120 / 9 kg\r\n\r\n- Chất liệu: bê tông tươi / sợi thực vật\r\n\r\n- Màu sắc: Dark grey / Black\r\n\r\n- Chống sương giá / thời tiết / tia UV\r\n', 0, 0, 0, '2020-07-10 04:11:59', '2020-07-10 04:11:59'),
(188, 'Lavabo Contour', NULL, 100, 1800000, 0, 'Lavabo Contour D - Black.webp', 73, 29, 'Các sản phẩm của thương hiệu Nhàta đều được làm từ bê tông tươi, cốt sợi thực vật nên thân thiện môi trường và không có hại cho người sản xuất.\r\nSản phẩm làm thủ công nên mỗi sản phẩm là duy nhất và không sản phẩm nào hoàn toàn giống sản phẩm nào về màu sắc\r\nSản phẩm bê tông dùng được cả trong nhà và Ngoài trời, không bị thấm và loang nước.\r\n- Kích thước sản phẩm:\r\n\r\n     + Dia.400 x H.120 / 9 kg\r\n\r\n- Chất liệu: bê tông tươi / sợi thực vật\r\n\r\n- Màu sắc: Dark grey / Black\r\n\r\n- Chống sương giá / thời tiết / tia UV\r\n', 0, 0, 0, '2020-07-10 04:12:34', '2020-07-10 04:12:34'),
(189, 'Lavabo Contour', NULL, 100, 1200000, 10, 'Lavabo Contour T - Dark grey.webp', 73, 29, 'Các sản phẩm của thương hiệu Nhàta đều được làm từ bê tông tươi, cốt sợi thực vật nên thân thiện môi trường và không có hại cho người sản xuất.\r\nSản phẩm làm thủ công nên mỗi sản phẩm là duy nhất và không sản phẩm nào hoàn toàn giống sản phẩm nào về màu sắc\r\nSản phẩm bê tông dùng được cả trong nhà và Ngoài trời, không bị thấm và loang nước.\r\n- Kích thước sản phẩm:\r\n\r\n     + Dia.400 x H.120 / 9 kg\r\n\r\n- Chất liệu: bê tông tươi / sợi thực vật\r\n\r\n- Màu sắc: Dark grey / Black\r\n\r\n- Chống sương giá / thời tiết / tia UV\r\n', 0, 0, 0, '2020-07-10 04:14:52', '2020-07-10 04:14:52'),
(190, 'Lavabo Contour V', NULL, 100, 2100000, 0, 'Lavabo Contour V - Black.webp', 73, 29, 'Các sản phẩm của thương hiệu Nhàta đều được làm từ bê tông tươi, cốt sợi thực vật nên thân thiện môi trường và không có hại cho người sản xuất.\r\nSản phẩm làm thủ công nên mỗi sản phẩm là duy nhất và không sản phẩm nào hoàn toàn giống sản phẩm nào về màu sắc\r\nSản phẩm bê tông dùng được cả trong nhà và Ngoài trời, không bị thấm và loang nước.\r\n- Kích thước sản phẩm:\r\n\r\n     + Dia.400 x H.120 / 9 kg\r\n\r\n- Chất liệu: bê tông tươi / sợi thực vật\r\n\r\n- Màu sắc: Dark grey / Black\r\n\r\n- Chống sương giá / thời tiết / tia UV\r\n', 0, 0, 0, '2020-07-10 04:15:34', '2020-07-10 04:15:34'),
(192, 'Lavabo RHO', NULL, 100, 2300000, 0, 'Lavabo RHO - Black.webp', 73, 29, 'Các sản phẩm của thương hiệu Nhàta đều được làm từ bê tông tươi, cốt sợi thực vật nên thân thiện môi trường và không có hại cho người sản xuất.\r\nSản phẩm làm thủ công nên mỗi sản phẩm là duy nhất và không sản phẩm nào hoàn toàn giống sản phẩm nào về màu sắc\r\nSản phẩm bê tông dùng được cả trong nhà và Ngoài trời, không bị thấm và loang nước.\r\n- Kích thước sản phẩm:\r\n\r\n     + Dia.400 x H.120 / 9 kg\r\n\r\n- Chất liệu: bê tông tươi / sợi thực vật\r\n\r\n- Màu sắc: Dark grey / Black\r\n\r\n- Chống sương giá / thời tiết / tia UV\r\n', 0, 0, 0, '2020-07-10 04:17:27', '2020-07-10 04:17:27'),
(193, 'Lavabo DHO', NULL, 100, 2300000, 0, 'Lavabo RHO - Dark grey.webp', 73, 29, 'Các sản phẩm của thương hiệu Nhàta đều được làm từ bê tông tươi, cốt sợi thực vật nên thân thiện môi trường và không có hại cho người sản xuất.\r\nSản phẩm làm thủ công nên mỗi sản phẩm là duy nhất và không sản phẩm nào hoàn toàn giống sản phẩm nào về màu sắc\r\nSản phẩm bê tông dùng được cả trong nhà và Ngoài trời, không bị thấm và loang nước.\r\n- Kích thước sản phẩm:\r\n\r\n     + Dia.400 x H.120 / 9 kg\r\n\r\n- Chất liệu: bê tông tươi / sợi thực vật\r\n\r\n- Màu sắc: Dark grey / Black\r\n\r\n- Chống sương giá / thời tiết / tia UV\r\n', 0, 0, 0, '2020-07-10 04:18:09', '2020-07-10 04:18:09'),
(194, 'Bay Làm Đất ERGO', NULL, 100, 170000, 0, 'Bay làm đất Ergo - lưỡi hẹp.webp', 73, 30, 'Cellfast là một trong những công ty dẫn đầu Thế giới về sản xuất ống nước tiêu và các phụ kiện vườn. Công ty có trụ sở và sản xuất sản phẩm ở Ba Lan và xuất đi toàn Thế giới. Mỗi sản phẩm đều được thiết kế tỉ mỉ về mặt công năng, thẩm mỹ và chất lượng cao nhất.\r\n- Chất liệu: Stainless steel / fiberglass composite', 0, 0, 0, '2020-07-10 04:19:36', '2020-07-10 04:19:36'),
(195, 'Cào Làm Đất ERGO', NULL, 100, 200000, 0, 'Cào làm đất Ergo.webp', 73, 30, 'Cellfast là một trong những công ty dẫn đầu Thế giới về sản xuất ống nước tiêu và các phụ kiện vườn. Công ty có trụ sở và sản xuất sản phẩm ở Ba Lan và xuất đi toàn Thế giới. Mỗi sản phẩm đều được thiết kế tỉ mỉ về mặt công năng, thẩm mỹ và chất lượng cao nhất.\r\n- Chất liệu: Stainless steel / fiberglass composite', 0, 0, 0, '2020-07-10 04:20:35', '2020-07-10 04:20:35'),
(196, 'Kìm Cắt Cành PINK', NULL, 100, 621000, 30, 'Kìm cắt cành Chikamasa - pink.webp', 73, 30, 'Cellfast là một trong những công ty dẫn đầu Thế giới về sản xuất ống nước tiêu và các phụ kiện vườn. Công ty có trụ sở và sản xuất sản phẩm ở Ba Lan và xuất đi toàn Thế giới. Mỗi sản phẩm đều được thiết kế tỉ mỉ về mặt công năng, thẩm mỹ và chất lượng cao nhất.\r\n- Chất liệu: Stainless steel / fiberglass composite', 0, 0, 0, '2020-07-10 04:21:32', '2020-07-10 04:21:32'),
(197, 'Kìm Cắt Cành RED', NULL, 100, 425000, 0, 'Kìm cắt cành Chikamasa 1.webp', 73, 30, 'Cellfast là một trong những công ty dẫn đầu Thế giới về sản xuất ống nước tiêu và các phụ kiện vườn. Công ty có trụ sở và sản xuất sản phẩm ở Ba Lan và xuất đi toàn Thế giới. Mỗi sản phẩm đều được thiết kế tỉ mỉ về mặt công năng, thẩm mỹ và chất lượng cao nhất.\r\n- Chất liệu: Stainless steel / fiberglass composite', 0, 0, 0, '2020-07-10 04:22:09', '2020-07-10 04:22:09'),
(198, 'Kìm Cắt Cành Chikamasa', NULL, 100, 650000, 50, 'Kìm cắt cành Chikamasa.webp', 73, 30, 'Cellfast là một trong những công ty dẫn đầu Thế giới về sản xuất ống nước tiêu và các phụ kiện vườn. Công ty có trụ sở và sản xuất sản phẩm ở Ba Lan và xuất đi toàn Thế giới. Mỗi sản phẩm đều được thiết kế tỉ mỉ về mặt công năng, thẩm mỹ và chất lượng cao nhất.\r\n- Chất liệu: Stainless steel / fiberglass composite', 0, 0, 0, '2020-07-10 04:22:48', '2020-07-10 04:22:48'),
(199, 'Kéo Chiết Cành', NULL, 100, 855000, 0, 'Kéo chiết cành đa năng.jpg', 73, 30, 'Cellfast là một trong những công ty dẫn đầu Thế giới về sản xuất ống nước tiêu và các phụ kiện vườn. Công ty có trụ sở và sản xuất sản phẩm ở Ba Lan và xuất đi toàn Thế giới. Mỗi sản phẩm đều được thiết kế tỉ mỉ về mặt công năng, thẩm mỹ và chất lượng cao nhất.\r\n- Chất liệu: Stainless steel / fiberglass composite', 0, 0, 0, '2020-07-10 04:23:40', '2020-07-10 04:23:40'),
(200, 'Kéo Cắt Cỏ Tỉa Lá', NULL, 100, 530000, 0, 'Kéo cắt cỏ tỉa lá.jpg', 73, 30, 'Cellfast là một trong những công ty dẫn đầu Thế giới về sản xuất ống nước tiêu và các phụ kiện vườn. Công ty có trụ sở và sản xuất sản phẩm ở Ba Lan và xuất đi toàn Thế giới. Mỗi sản phẩm đều được thiết kế tỉ mỉ về mặt công năng, thẩm mỹ và chất lượng cao nhất.\r\n- Chất liệu: Stainless steel / fiberglass composite', 0, 0, 0, '2020-07-10 04:24:22', '2020-07-10 04:24:22'),
(201, 'Dụng Cụ Uốn Cành', NULL, 100, 463000, 0, 'Dụng cụ uốn cành.jpg', 73, 30, 'Cellfast là một trong những công ty dẫn đầu Thế giới về sản xuất ống nước tiêu và các phụ kiện vườn. Công ty có trụ sở và sản xuất sản phẩm ở Ba Lan và xuất đi toàn Thế giới. Mỗi sản phẩm đều được thiết kế tỉ mỉ về mặt công năng, thẩm mỹ và chất lượng cao nhất.\r\n- Chất liệu: Stainless steel / fiberglass composite', 0, 0, 0, '2020-07-10 04:24:59', '2020-07-10 04:24:59'),
(202, 'Kìm Cắt ', NULL, 100, 850000, 0, 'Kìm cắt cành Chikamasaa.webp', 73, 30, 'Cellfast là một trong những công ty dẫn đầu Thế giới về sản xuất ống nước tiêu và các phụ kiện vườn. Công ty có trụ sở và sản xuất sản phẩm ở Ba Lan và xuất đi toàn Thế giới. Mỗi sản phẩm đều được thiết kế tỉ mỉ về mặt công năng, thẩm mỹ và chất lượng cao nhất.\r\n- Chất liệu: Stainless steel / fiberglass composite', 0, 0, 0, '2020-07-10 04:26:02', '2020-07-10 04:26:02'),
(203, 'Bồn Tắm DAROS', NULL, 100, 22000000, 0, 'Bồn tắm massage Daros HT-51.jpg', 74, 31, 'LifestyleGarden\r\nChúng tôi hướng tới tạo ra những sản phẩm ưu việt dựa trên sự kết hợp giữa kinh nghiệm thiết kế toàn cầu với công nghệ sản xuất và vật liệu tiên tiến nhất; tất cả được phối hợp, sản xuất và thử nghiệm kỹ để tạo ra những dòng sản phẩm ngoài trời phù hợp với mọi điều kiện môi trường khắc nghiệt nhất.\r\nMỗi sản phẩm của LifestyleGarden được sản xuất tại những cơ sở hạ tầng hiện đại nhất tại Châu Á và được thử nghiệm một cách nghiêm ngặt nhất theo tiêu chuẩn quốc tế về chất lượng, về độ bền và công năng sử dụng', 0, 0, 0, '2020-07-10 04:29:13', '2020-07-10 04:29:13'),
(205, 'Bồn Tắm GORVEN', NULL, 100, 18120000, 10, 'Bồn tắm massage Govern JS.jpg', 74, 31, 'LifestyleGarden\r\nChúng tôi hướng tới tạo ra những sản phẩm ưu việt dựa trên sự kết hợp giữa kinh nghiệm thiết kế toàn cầu với công nghệ sản xuất và vật liệu tiên tiến nhất; tất cả được phối hợp, sản xuất và thử nghiệm kỹ để tạo ra những dòng sản phẩm ngoài trời phù hợp với mọi điều kiện môi trường khắc nghiệt nhất.\r\n\r\nMỗi sản phẩm của LifestyleGarden được sản xuất tại những cơ sở hạ tầng hiện đại nhất tại Châu Á và được thử nghiệm một cách nghiêm ngặt nhất theo tiêu chuẩn quốc tế về chất lượng, về độ bền và công năng sử dụng', 0, 0, 0, '2020-07-10 04:31:33', '2020-07-10 04:31:33'),
(206, 'Giá Để Đồ IKE', NULL, 100, 650000, 0, 'Giá để đồ phòng tắm IKEA GRUNDTAL.webp', 74, 31, 'LifestyleGarden\r\nChúng tôi hướng tới tạo ra những sản phẩm ưu việt dựa trên sự kết hợp giữa kinh nghiệm thiết kế toàn cầu với công nghệ sản xuất và vật liệu tiên tiến nhất; tất cả được phối hợp, sản xuất và thử nghiệm kỹ để tạo ra những dòng sản phẩm ngoài trời phù hợp với mọi điều kiện môi trường khắc nghiệt nhất.\r\n\r\nMỗi sản phẩm của LifestyleGarden được sản xuất tại những cơ sở hạ tầng hiện đại nhất tại Châu Á và được thử nghiệm một cách nghiêm ngặt nhất theo tiêu chuẩn quốc tế về chất lượng, về độ bền và công năng sử dụng', 0, 0, 0, '2020-07-10 04:32:14', '2020-07-10 04:32:14'),
(207, 'Rèm Che Phòng Tắm', NULL, 100, 350000, 0, 'Rèm che phòng tắm SAXÄLVEN.png', 74, 31, 'LifestyleGarden\r\nChúng tôi hướng tới tạo ra những sản phẩm ưu việt dựa trên sự kết hợp giữa kinh nghiệm thiết kế toàn cầu với công nghệ sản xuất và vật liệu tiên tiến nhất; tất cả được phối hợp, sản xuất và thử nghiệm kỹ để tạo ra những dòng sản phẩm ngoài trời phù hợp với mọi điều kiện môi trường khắc nghiệt nhất.\r\n\r\nMỗi sản phẩm của LifestyleGarden được sản xuất tại những cơ sở hạ tầng hiện đại nhất tại Châu Á và được thử nghiệm một cách nghiêm ngặt nhất theo tiêu chuẩn quốc tế về chất lượng, về độ bền và công năng sử dụng', 0, 0, 0, '2020-07-10 04:33:10', '2020-07-10 04:33:10'),
(208, 'Vòi Sen VORDLE', NULL, 100, 2500000, 0, 'Sen tắm cây Gorlde 8511.jpg', 74, 31, 'LifestyleGarden\r\nChúng tôi hướng tới tạo ra những sản phẩm ưu việt dựa trên sự kết hợp giữa kinh nghiệm thiết kế toàn cầu với công nghệ sản xuất và vật liệu tiên tiến nhất; tất cả được phối hợp, sản xuất và thử nghiệm kỹ để tạo ra những dòng sản phẩm ngoài trời phù hợp với mọi điều kiện môi trường khắc nghiệt nhất.\r\n\r\nMỗi sản phẩm của LifestyleGarden được sản xuất tại những cơ sở hạ tầng hiện đại nhất tại Châu Á và được thử nghiệm một cách nghiêm ngặt nhất theo tiêu chuẩn quốc tế về chất lượng, về độ bền và công năng sử dụng', 0, 0, 0, '2020-07-10 04:33:51', '2020-07-10 04:33:51'),
(209, 'Vòi Sen KOSSE', NULL, 100, 3250000, 0, 'Sen tắm cây nhiệt độ Kosco CO 12814.jpg', 74, 31, 'LifestyleGarden\r\nChúng tôi hướng tới tạo ra những sản phẩm ưu việt dựa trên sự kết hợp giữa kinh nghiệm thiết kế toàn cầu với công nghệ sản xuất và vật liệu tiên tiến nhất; tất cả được phối hợp, sản xuất và thử nghiệm kỹ để tạo ra những dòng sản phẩm ngoài trời phù hợp với mọi điều kiện môi trường khắc nghiệt nhất.\r\n\r\nMỗi sản phẩm của LifestyleGarden được sản xuất tại những cơ sở hạ tầng hiện đại nhất tại Châu Á và được thử nghiệm một cách nghiêm ngặt nhất theo tiêu chuẩn quốc tế về chất lượng, về độ bền và công năng sử dụng', 0, 0, 0, '2020-07-10 04:34:25', '2020-07-10 04:34:25'),
(210, 'Thùng Rác Bằng Gỗ', NULL, 100, 320000, 0, 'Thùng rác bằng gỗ - Beech - Walnut.webp', 74, 31, 'LifestyleGarden\r\nChúng tôi hướng tới tạo ra những sản phẩm ưu việt dựa trên sự kết hợp giữa kinh nghiệm thiết kế toàn cầu với công nghệ sản xuất và vật liệu tiên tiến nhất; tất cả được phối hợp, sản xuất và thử nghiệm kỹ để tạo ra những dòng sản phẩm ngoài trời phù hợp với mọi điều kiện môi trường khắc nghiệt nhất.\r\n\r\nMỗi sản phẩm của LifestyleGarden được sản xuất tại những cơ sở hạ tầng hiện đại nhất tại Châu Á và được thử nghiệm một cách nghiêm ngặt nhất theo tiêu chuẩn quốc tế về chất lượng, về độ bền và công năng sử dụng', 0, 0, 0, '2020-07-10 04:34:56', '2020-07-10 04:34:56'),
(211, 'Thùng Rác Bằng Gỗ', NULL, 100, 450000, 10, 'Thùng rác bằng gỗ - Box - Walnut.webp', 74, 31, 'LifestyleGarden\r\nChúng tôi hướng tới tạo ra những sản phẩm ưu việt dựa trên sự kết hợp giữa kinh nghiệm thiết kế toàn cầu với công nghệ sản xuất và vật liệu tiên tiến nhất; tất cả được phối hợp, sản xuất và thử nghiệm kỹ để tạo ra những dòng sản phẩm ngoài trời phù hợp với mọi điều kiện môi trường khắc nghiệt nhất.\r\n\r\nMỗi sản phẩm của LifestyleGarden được sản xuất tại những cơ sở hạ tầng hiện đại nhất tại Châu Á và được thử nghiệm một cách nghiêm ngặt nhất theo tiêu chuẩn quốc tế về chất lượng, về độ bền và công năng sử dụng', 0, 0, 0, '2020-07-10 04:35:25', '2020-07-10 04:35:25'),
(212, 'Bàn Trang Điểm OSAKA', NULL, 100, 6852000, 25, 'Bàn make up.jpg', 74, 32, 'LifestyleGarden\r\nChúng tôi hướng tới tạo ra những sản phẩm ưu việt dựa trên sự kết hợp giữa kinh nghiệm thiết kế toàn cầu với công nghệ sản xuất và vật liệu tiên tiến nhất; tất cả được phối hợp, sản xuất và thử nghiệm kỹ để tạo ra những dòng sản phẩm ngoài trời phù hợp với mọi điều kiện môi trường khắc nghiệt nhất.\r\n\r\nMỗi sản phẩm của LifestyleGarden được sản xuất tại những cơ sở hạ tầng hiện đại nhất tại Châu Á và được thử nghiệm một cách nghiêm ngặt nhất theo tiêu chuẩn quốc tế về chất lượng, về độ bền và công năng sử dụng', 0, 0, 0, '2020-07-10 04:37:12', '2020-07-10 04:37:12');
INSERT INTO `product` (`id`, `name`, `slug`, `soluong`, `gia`, `sale`, `avatar`, `category`, `type`, `content`, `head`, `view`, `hot`, `created_at`, `updata_up`) VALUES
(213, 'Kệ Treo Tường', NULL, 100, 850000, 0, 'Kệ đựng mỹ phẩm treo tường.jpg', 74, 32, 'LifestyleGarden\r\nChúng tôi hướng tới tạo ra những sản phẩm ưu việt dựa trên sự kết hợp giữa kinh nghiệm thiết kế toàn cầu với công nghệ sản xuất và vật liệu tiên tiến nhất; tất cả được phối hợp, sản xuất và thử nghiệm kỹ để tạo ra những dòng sản phẩm ngoài trời phù hợp với mọi điều kiện môi trường khắc nghiệt nhất.\r\n\r\nMỗi sản phẩm của LifestyleGarden được sản xuất tại những cơ sở hạ tầng hiện đại nhất tại Châu Á và được thử nghiệm một cách nghiêm ngặt nhất theo tiêu chuẩn quốc tế về chất lượng, về độ bền và công năng sử dụng', 0, 0, 0, '2020-07-10 04:37:39', '2020-07-10 04:37:39'),
(214, 'Khay Đựng Mỹ Phẩm', NULL, 100, 780000, 0, 'Khay đựng mỹ phẩm.jpg', 74, 32, 'LifestyleGarden\r\nChúng tôi hướng tới tạo ra những sản phẩm ưu việt dựa trên sự kết hợp giữa kinh nghiệm thiết kế toàn cầu với công nghệ sản xuất và vật liệu tiên tiến nhất; tất cả được phối hợp, sản xuất và thử nghiệm kỹ để tạo ra những dòng sản phẩm ngoài trời phù hợp với mọi điều kiện môi trường khắc nghiệt nhất.\r\n\r\nMỗi sản phẩm của LifestyleGarden được sản xuất tại những cơ sở hạ tầng hiện đại nhất tại Châu Á và được thử nghiệm một cách nghiêm ngặt nhất theo tiêu chuẩn quốc tế về chất lượng, về độ bền và công năng sử dụng', 0, 0, 0, '2020-07-10 04:38:44', '2020-07-10 04:38:44'),
(215, 'Hộp Trang Sức WALNUT', NULL, 100, 1920000, 0, 'Hộp đựng trang sức - Walnut.webp', 74, 32, 'CERUBO bắt nguồn từ thị trấn Takumi, ở Hida Takayama, Nhật Bản. Công ty được biết đến với việc thiết kế và sản xuất các sản phẩm Nội thất bằng gỗ thịt với các kỹ năng truyền thống của Nhật Bản. Kỹ năng \"Truyền thống của Nhật Bản\" là \"đặc sản\" của chúng tôi vì chúng đã được phát triển và trau dồi qua nhiều thế hệ của thợ thủ công tại Nhật Bản. Hiện tại, với công nghệ tối tân nhất kết hợp với kỹ năng của các thợ thủ công, chúng tôi luôn mang tới những sản phẩm Nội thất tốt nhất cho khách hàng với giá phải chăng nhất, đó là cam kết của chúng tôi. Và từ ý tưởng tái sử dụng tài nguyên, Cerubo đã cho ra mắt một bộ sưu tập gỗ mang tên PLAM và bộ sưu tập mới đây mang tên Latree, nhà máy đã sử dụng gỗ tái chế để sản xuất những phụ kiện bằng gỗ với những sản phẩm nhỏ xinh, lạ mắt và nhận được sự đánh giá cao từ phía khách hàng.\r\n\r\nCerubo, thương hiệu nội thất của Nhật, nhà máy sản xuất tại Việt Nam.\r\n- Kích thước sản phẩm:\r\n\r\n+ Rộng: 250 mm\r\n\r\n+ Sâu: 220 mm\r\n\r\n+ Cao: 260 mm\r\n\r\n- Chất liệu: Walnut / Gỗ óc chó\r\n\r\n- Màu sắc: gỗ tự nhiên\r\n\r\n- Sử dụng trong nhà, tránh tiếp xúc trực tiếp ánh nắng và ẩm lâu ngày', 0, 0, 0, '2020-07-10 04:40:35', '2020-07-10 04:40:35'),
(216, 'Hộp Trang Sức 3 Ngăn', NULL, 100, 1850000, 0, 'Hộp đựng trang sức - 3 ngăn - Walnut.webp', 74, 32, 'CERUBO bắt nguồn từ thị trấn Takumi, ở Hida Takayama, Nhật Bản. Công ty được biết đến với việc thiết kế và sản xuất các sản phẩm Nội thất bằng gỗ thịt với các kỹ năng truyền thống của Nhật Bản. Kỹ năng \"Truyền thống của Nhật Bản\" là \"đặc sản\" của chúng tôi vì chúng đã được phát triển và trau dồi qua nhiều thế hệ của thợ thủ công tại Nhật Bản. Hiện tại, với công nghệ tối tân nhất kết hợp với kỹ năng của các thợ thủ công, chúng tôi luôn mang tới những sản phẩm Nội thất tốt nhất cho khách hàng với giá phải chăng nhất, đó là cam kết của chúng tôi. Và từ ý tưởng tái sử dụng tài nguyên, Cerubo đã cho ra mắt một bộ sưu tập gỗ mang tên PLAM và bộ sưu tập mới đây mang tên Latree, nhà máy đã sử dụng gỗ tái chế để sản xuất những phụ kiện bằng gỗ với những sản phẩm nhỏ xinh, lạ mắt và nhận được sự đánh giá cao từ phía khách hàng.\r\n\r\nCerubo, thương hiệu nội thất của Nhật, nhà máy sản xuất tại Việt Nam.\r\n- Kích thước sản phẩm:\r\n\r\n+ Rộng: 250 mm\r\n\r\n+ Sâu: 220 mm\r\n\r\n+ Cao: 260 mm\r\n\r\n- Chất liệu: Walnut / Gỗ óc chó\r\n\r\n- Màu sắc: gỗ tự nhiên\r\n\r\n- Sử dụng trong nhà, tránh tiếp xúc trực tiếp ánh nắng và ẩm lâu ngày', 0, 0, 0, '2020-07-10 04:41:03', '2020-07-10 04:41:03'),
(217, 'Cây Treo Vật Dụng', NULL, 100, 2345000, 0, 'Cây treo vật dụng - Walnut.webp', 74, 32, 'CERUBO bắt nguồn từ thị trấn Takumi, ở Hida Takayama, Nhật Bản. Công ty được biết đến với việc thiết kế và sản xuất các sản phẩm Nội thất bằng gỗ thịt với các kỹ năng truyền thống của Nhật Bản. Kỹ năng \"Truyền thống của Nhật Bản\" là \"đặc sản\" của chúng tôi vì chúng đã được phát triển và trau dồi qua nhiều thế hệ của thợ thủ công tại Nhật Bản. Hiện tại, với công nghệ tối tân nhất kết hợp với kỹ năng của các thợ thủ công, chúng tôi luôn mang tới những sản phẩm Nội thất tốt nhất cho khách hàng với giá phải chăng nhất, đó là cam kết của chúng tôi. Và từ ý tưởng tái sử dụng tài nguyên, Cerubo đã cho ra mắt một bộ sưu tập gỗ mang tên PLAM và bộ sưu tập mới đây mang tên Latree, nhà máy đã sử dụng gỗ tái chế để sản xuất những phụ kiện bằng gỗ với những sản phẩm nhỏ xinh, lạ mắt và nhận được sự đánh giá cao từ phía khách hàng.\r\n\r\nCerubo, thương hiệu nội thất của Nhật, nhà máy sản xuất tại Việt Nam.\r\n- Kích thước sản phẩm:\r\n\r\n+ Rộng: 250 mm\r\n\r\n+ Sâu: 220 mm\r\n\r\n+ Cao: 260 mm\r\n\r\n- Chất liệu: Walnut / Gỗ óc chó\r\n\r\n- Màu sắc: gỗ tự nhiên\r\n\r\n- Sử dụng trong nhà, tránh tiếp xúc trực tiếp ánh nắng và ẩm lâu ngày', 0, 0, 0, '2020-07-10 04:41:38', '2020-07-10 04:41:38'),
(218, 'Ghế Trang Điểm ', NULL, 100, 899000, 0, 'Ghế đẩu bằng gỗ có nệm ngồi Low Stool.webp', 74, 32, 'CERUBO bắt nguồn từ thị trấn Takumi, ở Hida Takayama, Nhật Bản. Công ty được biết đến với việc thiết kế và sản xuất các sản phẩm Nội thất bằng gỗ thịt với các kỹ năng truyền thống của Nhật Bản. Kỹ năng \"Truyền thống của Nhật Bản\" là \"đặc sản\" của chúng tôi vì chúng đã được phát triển và trau dồi qua nhiều thế hệ của thợ thủ công tại Nhật Bản. Hiện tại, với công nghệ tối tân nhất kết hợp với kỹ năng của các thợ thủ công, chúng tôi luôn mang tới những sản phẩm Nội thất tốt nhất cho khách hàng với giá phải chăng nhất, đó là cam kết của chúng tôi. Và từ ý tưởng tái sử dụng tài nguyên, Cerubo đã cho ra mắt một bộ sưu tập gỗ mang tên PLAM và bộ sưu tập mới đây mang tên Latree, nhà máy đã sử dụng gỗ tái chế để sản xuất những phụ kiện bằng gỗ với những sản phẩm nhỏ xinh, lạ mắt và nhận được sự đánh giá cao từ phía khách hàng.\r\n\r\nCerubo, thương hiệu nội thất của Nhật, nhà máy sản xuất tại Việt Nam.\r\n- Kích thước sản phẩm:\r\n\r\n+ Rộng: 250 mm\r\n\r\n+ Sâu: 220 mm\r\n\r\n+ Cao: 260 mm\r\n\r\n- Chất liệu: Walnut / Gỗ óc chó\r\n\r\n- Màu sắc: gỗ tự nhiên\r\n\r\n- Sử dụng trong nhà, tránh tiếp xúc trực tiếp ánh nắng và ẩm lâu ngày', 0, 0, 0, '2020-07-10 04:42:17', '2020-07-10 04:42:17'),
(219, 'Giá Đỡ Sách', NULL, 100, 680000, 0, 'Giá đỡ sách báo bằng gỗ -Book Reader Stand Holder - Walnut.webp', 74, 33, 'CERUBO bắt nguồn từ thị trấn Takumi, ở Hida Takayama, Nhật Bản. Công ty được biết đến với việc thiết kế và sản xuất các sản phẩm Nội thất bằng gỗ thịt với các kỹ năng truyền thống của Nhật Bản. Kỹ năng \"Truyền thống của Nhật Bản\" là \"đặc sản\" của chúng tôi vì chúng đã được phát triển và trau dồi qua nhiều thế hệ của thợ thủ công tại Nhật Bản. Hiện tại, với công nghệ tối tân nhất kết hợp với kỹ năng của các thợ thủ công, chúng tôi luôn mang tới những sản phẩm Nội thất tốt nhất cho khách hàng với giá phải chăng nhất, đó là cam kết của chúng tôi. Và từ ý tưởng tái sử dụng tài nguyên, Cerubo đã cho ra mắt một bộ sưu tập gỗ mang tên PLAM và bộ sưu tập mới đây mang tên Latree, nhà máy đã sử dụng gỗ tái chế để sản xuất những phụ kiện bằng gỗ với những sản phẩm nhỏ xinh, lạ mắt và nhận được sự đánh giá cao từ phía khách hàng.\r\n\r\nCerubo, thương hiệu nội thất của Nhật, nhà máy sản xuất tại Việt Nam.\r\n- Kích thước sản phẩm:\r\n\r\n+ Rộng: 250 mm\r\n\r\n+ Sâu: 220 mm\r\n\r\n+ Cao: 260 mm\r\n\r\n- Chất liệu: Walnut / Gỗ óc chó\r\n\r\n- Màu sắc: gỗ tự nhiên\r\n\r\n- Sử dụng trong nhà, tránh tiếp xúc trực tiếp ánh nắng và ẩm lâu ngày', 0, 0, 0, '2020-07-10 04:44:09', '2020-07-10 04:44:09'),
(220, 'Kệ Để Sách', NULL, 100, 1000000, 0, 'Kệ để sách báo bằng gỗ -Paper Back- Beech.webp', 74, 33, 'CERUBO bắt nguồn từ thị trấn Takumi, ở Hida Takayama, Nhật Bản. Công ty được biết đến với việc thiết kế và sản xuất các sản phẩm Nội thất bằng gỗ thịt với các kỹ năng truyền thống của Nhật Bản. Kỹ năng \"Truyền thống của Nhật Bản\" là \"đặc sản\" của chúng tôi vì chúng đã được phát triển và trau dồi qua nhiều thế hệ của thợ thủ công tại Nhật Bản. Hiện tại, với công nghệ tối tân nhất kết hợp với kỹ năng của các thợ thủ công, chúng tôi luôn mang tới những sản phẩm Nội thất tốt nhất cho khách hàng với giá phải chăng nhất, đó là cam kết của chúng tôi. Và từ ý tưởng tái sử dụng tài nguyên, Cerubo đã cho ra mắt một bộ sưu tập gỗ mang tên PLAM và bộ sưu tập mới đây mang tên Latree, nhà máy đã sử dụng gỗ tái chế để sản xuất những phụ kiện bằng gỗ với những sản phẩm nhỏ xinh, lạ mắt và nhận được sự đánh giá cao từ phía khách hàng.\r\n\r\nCerubo, thương hiệu nội thất của Nhật, nhà máy sản xuất tại Việt Nam.\r\n- Kích thước sản phẩm:\r\n\r\n+ Rộng: 250 mm\r\n\r\n+ Sâu: 220 mm\r\n\r\n+ Cao: 260 mm\r\n\r\n- Chất liệu: Walnut / Gỗ óc chó\r\n\r\n- Màu sắc: gỗ tự nhiên\r\n\r\n- Sử dụng trong nhà, tránh tiếp xúc trực tiếp ánh nắng và ẩm lâu ngày', 0, 0, 0, '2020-07-10 04:45:10', '2020-07-10 04:45:10'),
(221, 'Kệ Bằng Gỗ', NULL, 100, 5260000, 0, 'Kệ bằng Gỗ - Shelf.webp', 74, 33, 'CERUBO bắt nguồn từ thị trấn Takumi, ở Hida Takayama, Nhật Bản. Công ty được biết đến với việc thiết kế và sản xuất các sản phẩm Nội thất bằng gỗ thịt với các kỹ năng truyền thống của Nhật Bản. Kỹ năng \"Truyền thống của Nhật Bản\" là \"đặc sản\" của chúng tôi vì chúng đã được phát triển và trau dồi qua nhiều thế hệ của thợ thủ công tại Nhật Bản. Hiện tại, với công nghệ tối tân nhất kết hợp với kỹ năng của các thợ thủ công, chúng tôi luôn mang tới những sản phẩm Nội thất tốt nhất cho khách hàng với giá phải chăng nhất, đó là cam kết của chúng tôi. Và từ ý tưởng tái sử dụng tài nguyên, Cerubo đã cho ra mắt một bộ sưu tập gỗ mang tên PLAM và bộ sưu tập mới đây mang tên Latree, nhà máy đã sử dụng gỗ tái chế để sản xuất những phụ kiện bằng gỗ với những sản phẩm nhỏ xinh, lạ mắt và nhận được sự đánh giá cao từ phía khách hàng.\r\n\r\nCerubo, thương hiệu nội thất của Nhật, nhà máy sản xuất tại Việt Nam.\r\n- Kích thước sản phẩm:\r\n\r\n+ Rộng: 250 mm\r\n\r\n+ Sâu: 220 mm\r\n\r\n+ Cao: 260 mm\r\n\r\n- Chất liệu: Walnut / Gỗ óc chó\r\n\r\n- Màu sắc: gỗ tự nhiên\r\n\r\n- Sử dụng trong nhà, tránh tiếp xúc trực tiếp ánh nắng và ẩm lâu ngày', 0, 0, 0, '2020-07-10 04:45:59', '2020-07-10 04:45:59'),
(222, 'Kệ Đề Giày', NULL, 100, 4620000, 0, 'Kệ để giày bằng gỗ  Beech - Walnut.webp', 74, 33, 'CERUBO bắt nguồn từ thị trấn Takumi, ở Hida Takayama, Nhật Bản. Công ty được biết đến với việc thiết kế và sản xuất các sản phẩm Nội thất bằng gỗ thịt với các kỹ năng truyền thống của Nhật Bản. Kỹ năng \"Truyền thống của Nhật Bản\" là \"đặc sản\" của chúng tôi vì chúng đã được phát triển và trau dồi qua nhiều thế hệ của thợ thủ công tại Nhật Bản. Hiện tại, với công nghệ tối tân nhất kết hợp với kỹ năng của các thợ thủ công, chúng tôi luôn mang tới những sản phẩm Nội thất tốt nhất cho khách hàng với giá phải chăng nhất, đó là cam kết của chúng tôi. Và từ ý tưởng tái sử dụng tài nguyên, Cerubo đã cho ra mắt một bộ sưu tập gỗ mang tên PLAM và bộ sưu tập mới đây mang tên Latree, nhà máy đã sử dụng gỗ tái chế để sản xuất những phụ kiện bằng gỗ với những sản phẩm nhỏ xinh, lạ mắt và nhận được sự đánh giá cao từ phía khách hàng.\r\n\r\nCerubo, thương hiệu nội thất của Nhật, nhà máy sản xuất tại Việt Nam.\r\n- Kích thước sản phẩm:\r\n\r\n+ Rộng: 250 mm\r\n\r\n+ Sâu: 220 mm\r\n\r\n+ Cao: 260 mm\r\n\r\n- Chất liệu: Walnut / Gỗ óc chó\r\n\r\n- Màu sắc: gỗ tự nhiên\r\n\r\n- Sử dụng trong nhà, tránh tiếp xúc trực tiếp ánh nắng và ẩm lâu ngày', 0, 0, 0, '2020-07-10 04:46:34', '2020-07-10 04:46:34'),
(223, 'Giá Đựng Dù', NULL, 100, 3200000, 0, 'Giá đựng ô dù.webp', 74, 33, 'CERUBO bắt nguồn từ thị trấn Takumi, ở Hida Takayama, Nhật Bản. Công ty được biết đến với việc thiết kế và sản xuất các sản phẩm Nội thất bằng gỗ thịt với các kỹ năng truyền thống của Nhật Bản. Kỹ năng \"Truyền thống của Nhật Bản\" là \"đặc sản\" của chúng tôi vì chúng đã được phát triển và trau dồi qua nhiều thế hệ của thợ thủ công tại Nhật Bản. Hiện tại, với công nghệ tối tân nhất kết hợp với kỹ năng của các thợ thủ công, chúng tôi luôn mang tới những sản phẩm Nội thất tốt nhất cho khách hàng với giá phải chăng nhất, đó là cam kết của chúng tôi. Và từ ý tưởng tái sử dụng tài nguyên, Cerubo đã cho ra mắt một bộ sưu tập gỗ mang tên PLAM và bộ sưu tập mới đây mang tên Latree, nhà máy đã sử dụng gỗ tái chế để sản xuất những phụ kiện bằng gỗ với những sản phẩm nhỏ xinh, lạ mắt và nhận được sự đánh giá cao từ phía khách hàng.\r\n\r\nCerubo, thương hiệu nội thất của Nhật, nhà máy sản xuất tại Việt Nam.\r\n- Kích thước sản phẩm:\r\n\r\n+ Rộng: 250 mm\r\n\r\n+ Sâu: 220 mm\r\n\r\n+ Cao: 260 mm\r\n\r\n- Chất liệu: Walnut / Gỗ óc chó\r\n\r\n- Màu sắc: gỗ tự nhiên\r\n\r\n- Sử dụng trong nhà, tránh tiếp xúc trực tiếp ánh nắng và ẩm lâu ngày', 0, 0, 0, '2020-07-10 04:47:13', '2020-07-10 04:47:13'),
(224, 'Sọt Đựng Dù', NULL, 100, 2400000, 0, 'Sọt đựng ô - dù.webp', 74, 33, 'CERUBO bắt nguồn từ thị trấn Takumi, ở Hida Takayama, Nhật Bản. Công ty được biết đến với việc thiết kế và sản xuất các sản phẩm Nội thất bằng gỗ thịt với các kỹ năng truyền thống của Nhật Bản. Kỹ năng \"Truyền thống của Nhật Bản\" là \"đặc sản\" của chúng tôi vì chúng đã được phát triển và trau dồi qua nhiều thế hệ của thợ thủ công tại Nhật Bản. Hiện tại, với công nghệ tối tân nhất kết hợp với kỹ năng của các thợ thủ công, chúng tôi luôn mang tới những sản phẩm Nội thất tốt nhất cho khách hàng với giá phải chăng nhất, đó là cam kết của chúng tôi. Và từ ý tưởng tái sử dụng tài nguyên, Cerubo đã cho ra mắt một bộ sưu tập gỗ mang tên PLAM và bộ sưu tập mới đây mang tên Latree, nhà máy đã sử dụng gỗ tái chế để sản xuất những phụ kiện bằng gỗ với những sản phẩm nhỏ xinh, lạ mắt và nhận được sự đánh giá cao từ phía khách hàng.\r\n\r\nCerubo, thương hiệu nội thất của Nhật, nhà máy sản xuất tại Việt Nam.\r\n- Kích thước sản phẩm:\r\n\r\n+ Rộng: 250 mm\r\n\r\n+ Sâu: 220 mm\r\n\r\n+ Cao: 260 mm\r\n\r\n- Chất liệu: Walnut / Gỗ óc chó\r\n\r\n- Màu sắc: gỗ tự nhiên\r\n\r\n- Sử dụng trong nhà, tránh tiếp xúc trực tiếp ánh nắng và ẩm lâu ngày', 0, 0, 0, '2020-07-10 04:48:22', '2020-07-10 04:48:22'),
(225, 'Khay Đựng Rượu Mini', NULL, 100, 4250000, 32, 'Khay đựng rượu mini bằng gỗ - Wine Rack.webp', 74, 33, 'CERUBO bắt nguồn từ thị trấn Takumi, ở Hida Takayama, Nhật Bản. Công ty được biết đến với việc thiết kế và sản xuất các sản phẩm Nội thất bằng gỗ thịt với các kỹ năng truyền thống của Nhật Bản. Kỹ năng \"Truyền thống của Nhật Bản\" là \"đặc sản\" của chúng tôi vì chúng đã được phát triển và trau dồi qua nhiều thế hệ của thợ thủ công tại Nhật Bản. Hiện tại, với công nghệ tối tân nhất kết hợp với kỹ năng của các thợ thủ công, chúng tôi luôn mang tới những sản phẩm Nội thất tốt nhất cho khách hàng với giá phải chăng nhất, đó là cam kết của chúng tôi. Và từ ý tưởng tái sử dụng tài nguyên, Cerubo đã cho ra mắt một bộ sưu tập gỗ mang tên PLAM và bộ sưu tập mới đây mang tên Latree, nhà máy đã sử dụng gỗ tái chế để sản xuất những phụ kiện bằng gỗ với những sản phẩm nhỏ xinh, lạ mắt và nhận được sự đánh giá cao từ phía khách hàng.\r\n\r\nCerubo, thương hiệu nội thất của Nhật, nhà máy sản xuất tại Việt Nam.\r\n- Kích thước sản phẩm:\r\n\r\n+ Rộng: 250 mm\r\n\r\n+ Sâu: 220 mm\r\n\r\n+ Cao: 260 mm\r\n\r\n- Chất liệu: Walnut / Gỗ óc chó\r\n\r\n- Màu sắc: gỗ tự nhiên\r\n\r\n- Sử dụng trong nhà, tránh tiếp xúc trực tiếp ánh nắng và ẩm lâu ngày', 0, 0, 0, '2020-07-10 04:48:59', '2020-07-10 04:48:59'),
(226, 'Khay Đựng Hồ Sơ', NULL, 100, 650000, 0, 'Khay đựng hồ sơ bằng gỗ - VCP-197 - Walnut.webp', 74, 33, 'CERUBO bắt nguồn từ thị trấn Takumi, ở Hida Takayama, Nhật Bản. Công ty được biết đến với việc thiết kế và sản xuất các sản phẩm Nội thất bằng gỗ thịt với các kỹ năng truyền thống của Nhật Bản. Kỹ năng \"Truyền thống của Nhật Bản\" là \"đặc sản\" của chúng tôi vì chúng đã được phát triển và trau dồi qua nhiều thế hệ của thợ thủ công tại Nhật Bản. Hiện tại, với công nghệ tối tân nhất kết hợp với kỹ năng của các thợ thủ công, chúng tôi luôn mang tới những sản phẩm Nội thất tốt nhất cho khách hàng với giá phải chăng nhất, đó là cam kết của chúng tôi. Và từ ý tưởng tái sử dụng tài nguyên, Cerubo đã cho ra mắt một bộ sưu tập gỗ mang tên PLAM và bộ sưu tập mới đây mang tên Latree, nhà máy đã sử dụng gỗ tái chế để sản xuất những phụ kiện bằng gỗ với những sản phẩm nhỏ xinh, lạ mắt và nhận được sự đánh giá cao từ phía khách hàng.\r\n\r\nCerubo, thương hiệu nội thất của Nhật, nhà máy sản xuất tại Việt Nam.\r\n- Kích thước sản phẩm:\r\n\r\n+ Rộng: 250 mm\r\n\r\n+ Sâu: 220 mm\r\n\r\n+ Cao: 260 mm\r\n\r\n- Chất liệu: Walnut / Gỗ óc chó\r\n\r\n- Màu sắc: gỗ tự nhiên\r\n\r\n- Sử dụng trong nhà, tránh tiếp xúc trực tiếp ánh nắng và ẩm lâu ngày', 0, 0, 0, '2020-07-10 04:49:27', '2020-07-10 04:49:27'),
(227, 'Kệ Trang Trí', NULL, 100, 4600000, 50, 'Kệ trang trí bằng gỗ - Level Shelf.webp', 74, 33, 'CERUBO bắt nguồn từ thị trấn Takumi, ở Hida Takayama, Nhật Bản. Công ty được biết đến với việc thiết kế và sản xuất các sản phẩm Nội thất bằng gỗ thịt với các kỹ năng truyền thống của Nhật Bản. Kỹ năng \"Truyền thống của Nhật Bản\" là \"đặc sản\" của chúng tôi vì chúng đã được phát triển và trau dồi qua nhiều thế hệ của thợ thủ công tại Nhật Bản. Hiện tại, với công nghệ tối tân nhất kết hợp với kỹ năng của các thợ thủ công, chúng tôi luôn mang tới những sản phẩm Nội thất tốt nhất cho khách hàng với giá phải chăng nhất, đó là cam kết của chúng tôi. Và từ ý tưởng tái sử dụng tài nguyên, Cerubo đã cho ra mắt một bộ sưu tập gỗ mang tên PLAM và bộ sưu tập mới đây mang tên Latree, nhà máy đã sử dụng gỗ tái chế để sản xuất những phụ kiện bằng gỗ với những sản phẩm nhỏ xinh, lạ mắt và nhận được sự đánh giá cao từ phía khách hàng.\r\n\r\nCerubo, thương hiệu nội thất của Nhật, nhà máy sản xuất tại Việt Nam.\r\n- Kích thước sản phẩm:\r\n\r\n+ Rộng: 250 mm\r\n\r\n+ Sâu: 220 mm\r\n\r\n+ Cao: 260 mm\r\n\r\n- Chất liệu: Walnut / Gỗ óc chó\r\n\r\n- Màu sắc: gỗ tự nhiên\r\n\r\n- Sử dụng trong nhà, tránh tiếp xúc trực tiếp ánh nắng và ẩm lâu ngày', 0, 0, 0, '2020-07-10 04:49:57', '2020-07-10 04:49:57'),
(229, 'Bàn Xi Măng COFFEE', NULL, 100, 4950000, 60, '57.jpg', 75, 34, 'Các sản phẩm của thương hiệu Nhàta đều được làm từ bê tông tươi, cốt sợi thực vật nên thân thiện môi trường và không có hại cho người sản xuất.\r\nSản phẩm làm thủ công nên mỗi sản phẩm là duy nhất và không sản phẩm nào hoàn toàn giống sản phẩm nào về màu sắc\r\nSản phẩm bê tông dùng được cả trong nhà và Ngoài trời, không bị thấm và loang nước.\r\n- Kích thước sản phẩm:\r\n\r\n     + Dia.200 x H.215 / 1 kg\r\n\r\n- Chất liệu: bê tông tươi / sợi thực vật\r\n\r\n- Màu sắc: Dark grey\r\n\r\n- Chống sương giá / thời tiết / tia UV\r\n\r\n- Chống thấm', 0, 0, 0, '2020-07-10 05:05:23', '2020-07-10 05:05:23'),
(230, 'Chậu Cây ', NULL, 50, 840000, 0, '58.jpg', 75, 34, 'Các sản phẩm của thương hiệu Nhàta đều được làm từ bê tông tươi, cốt sợi thực vật nên thân thiện môi trường và không có hại cho người sản xuất.\r\nSản phẩm làm thủ công nên mỗi sản phẩm là duy nhất và không sản phẩm nào hoàn toàn giống sản phẩm nào về màu sắc\r\nSản phẩm bê tông dùng được cả trong nhà và Ngoài trời, không bị thấm và loang nước.\r\n- Kích thước sản phẩm:\r\n\r\n     + Dia.200 x H.215 / 1 kg\r\n\r\n- Chất liệu: bê tông tươi / sợi thực vật\r\n\r\n- Màu sắc: Dark grey\r\n\r\n- Chống sương giá / thời tiết / tia UV\r\n\r\n- Chống thấm', 0, 0, 0, '2020-07-10 05:06:24', '2020-07-10 05:06:24'),
(231, 'Đèn Tình Yêu', NULL, 100, 2450000, 10, 'aa.jpg', 75, 34, 'Các sản phẩm của thương hiệu Nhàta đều được làm từ bê tông tươi, cốt sợi thực vật nên thân thiện môi trường và không có hại cho người sản xuất.\r\nSản phẩm làm thủ công nên mỗi sản phẩm là duy nhất và không sản phẩm nào hoàn toàn giống sản phẩm nào về màu sắc\r\nSản phẩm bê tông dùng được cả trong nhà và Ngoài trời, không bị thấm và loang nước.\r\n- Kích thước sản phẩm:\r\n\r\n     + Dia.200 x H.215 / 1 kg\r\n\r\n- Chất liệu: bê tông tươi / sợi thực vật\r\n\r\n- Màu sắc: Dark grey\r\n\r\n- Chống sương giá / thời tiết / tia UV\r\n\r\n- Chống thấm', 0, 0, 0, '2020-07-10 05:07:46', '2020-07-10 05:07:46'),
(232, 'Bàn Coffee Xi Măng', NULL, 100, 3200000, 0, '61.jpg', 75, 34, 'Các sản phẩm của thương hiệu Nhàta đều được làm từ bê tông tươi, cốt sợi thực vật nên thân thiện môi trường và không có hại cho người sản xuất.\r\nSản phẩm làm thủ công nên mỗi sản phẩm là duy nhất và không sản phẩm nào hoàn toàn giống sản phẩm nào về màu sắc\r\nSản phẩm bê tông dùng được cả trong nhà và Ngoài trời, không bị thấm và loang nước.\r\n- Kích thước sản phẩm:\r\n\r\n     + Dia.200 x H.215 / 1 kg\r\n\r\n- Chất liệu: bê tông tươi / sợi thực vật\r\n\r\n- Màu sắc: Dark grey\r\n\r\n- Chống sương giá / thời tiết / tia UV\r\n\r\n- Chống thấm', 0, 0, 0, '2020-07-10 05:08:50', '2020-07-10 05:08:50'),
(234, 'Đèn LOVER', NULL, 100, 3600000, 0, '60.jpg', 75, 34, 'Các sản phẩm của thương hiệu Nhàta đều được làm từ bê tông tươi, cốt sợi thực vật nên thân thiện môi trường và không có hại cho người sản xuất. Sản phẩm làm thủ công nên mỗi sản phẩm là duy nhất và không sản phẩm nào hoàn toàn giống sản phẩm nào về màu sắc Sản phẩm bê tông dùng được cả trong nhà và Ngoài trời, không bị thấm và loang nước. - Kích thước sản phẩm: + Dia.200 x H.215 / 1 kg - Chất liệu: bê tông tươi / sợi thực vật - Màu sắc: Dark grey - Chống sương giá / thời tiết / tia UV - Chống thấm', 0, 0, 0, '2020-07-10 05:12:07', '2020-07-10 05:12:07'),
(235, 'Bàn Âm Dương', NULL, 100, 3500000, 10, '63.jpg', 75, 34, 'Các sản phẩm của thương hiệu Nhàta đều được làm từ bê tông tươi, cốt sợi thực vật nên thân thiện môi trường và không có hại cho người sản xuất. Sản phẩm làm thủ công nên mỗi sản phẩm là duy nhất và không sản phẩm nào hoàn toàn giống sản phẩm nào về màu sắc Sản phẩm bê tông dùng được cả trong nhà và Ngoài trời, không bị thấm và loang nước. - Kích thước sản phẩm: + Dia.200 x H.215 / 1 kg - Chất liệu: bê tông tươi / sợi thực vật - Màu sắc: Dark grey - Chống sương giá / thời tiết / tia UV - Chống thấm', 0, 0, 0, '2020-07-10 05:12:50', '2020-07-10 05:12:50'),
(236, 'Bình Cá Chép', NULL, 100, 8530000, 0, 'Bình Cá Chép.jpg', 75, 35, '4seas là thương hiệu sản xuất đồ gốm sứ cao cấp tại Việt Nam. Các sản phẩm gốm sứ của 4seas rất đa dạng về kiểu dáng và chất liệu hoàn thiện bề mặt sản phẩm. Tất cả sản phẩm sứ của 4seas đều được nung thủ công bằng củi, vì vậy tại 4seas chúng tôi có thể tạo ra những sản phẩm kích thước ngoại cỡ với chất lượng tốt nhất mà các lò nung công nghiệp bằng gaz không thể làm được', 0, 0, 0, '2020-07-10 05:14:35', '2020-07-10 05:14:35'),
(237, 'Bình Di Lăng', NULL, 100, 8900000, 0, 'Bình Di Lăng.png', 75, 35, '4seas là thương hiệu sản xuất đồ gốm sứ cao cấp tại Việt Nam. Các sản phẩm gốm sứ của 4seas rất đa dạng về kiểu dáng và chất liệu hoàn thiện bề mặt sản phẩm. Tất cả sản phẩm sứ của 4seas đều được nung thủ công bằng củi, vì vậy tại 4seas chúng tôi có thể tạo ra những sản phẩm kích thước ngoại cỡ với chất lượng tốt nhất mà các lò nung công nghiệp bằng gaz không thể làm được', 0, 0, 0, '2020-07-10 05:15:28', '2020-07-10 05:15:28'),
(238, 'Bình Hoa Văn Xanh', NULL, 100, 14000000, 25, 'Bình Hoa Văn Xanh.jpg', 75, 35, '4seas là thương hiệu sản xuất đồ gốm sứ cao cấp tại Việt Nam. Các sản phẩm gốm sứ của 4seas rất đa dạng về kiểu dáng và chất liệu hoàn thiện bề mặt sản phẩm. Tất cả sản phẩm sứ của 4seas đều được nung thủ công bằng củi, vì vậy tại 4seas chúng tôi có thể tạo ra những sản phẩm kích thước ngoại cỡ với chất lượng tốt nhất mà các lò nung công nghiệp bằng gaz không thể làm được', 0, 0, 0, '2020-07-10 05:16:05', '2020-07-10 05:16:05'),
(239, 'Bình Hoa Văn', NULL, 100, 6300000, 0, 'bình Hoa văn.jpg', 75, 35, '4seas là thương hiệu sản xuất đồ gốm sứ cao cấp tại Việt Nam. Các sản phẩm gốm sứ của 4seas rất đa dạng về kiểu dáng và chất liệu hoàn thiện bề mặt sản phẩm. Tất cả sản phẩm sứ của 4seas đều được nung thủ công bằng củi, vì vậy tại 4seas chúng tôi có thể tạo ra những sản phẩm kích thước ngoại cỡ với chất lượng tốt nhất mà các lò nung công nghiệp bằng gaz không thể làm được', 0, 0, 0, '2020-07-10 05:16:52', '2020-07-10 05:16:52'),
(241, 'Bình Long Phụng', NULL, 100, 7950000, 0, 'Bình Long Phụng.jpg', 75, 35, '4seas là thương hiệu sản xuất đồ gốm sứ cao cấp tại Việt Nam. Các sản phẩm gốm sứ của 4seas rất đa dạng về kiểu dáng và chất liệu hoàn thiện bề mặt sản phẩm. Tất cả sản phẩm sứ của 4seas đều được nung thủ công bằng củi, vì vậy tại 4seas chúng tôi có thể tạo ra những sản phẩm kích thước ngoại cỡ với chất lượng tốt nhất mà các lò nung công nghiệp bằng gaz không thể làm được', 0, 0, 0, '2020-07-10 05:18:27', '2020-07-10 05:18:27'),
(242, 'Bình Tài Lộc', NULL, 50, 16000000, 35, 'Bình Tài Lộc.jpg', 75, 35, '4seas là thương hiệu sản xuất đồ gốm sứ cao cấp tại Việt Nam. Các sản phẩm gốm sứ của 4seas rất đa dạng về kiểu dáng và chất liệu hoàn thiện bề mặt sản phẩm. Tất cả sản phẩm sứ của 4seas đều được nung thủ công bằng củi, vì vậy tại 4seas chúng tôi có thể tạo ra những sản phẩm kích thước ngoại cỡ với chất lượng tốt nhất mà các lò nung công nghiệp bằng gaz không thể làm được', 0, 0, 0, '2020-07-10 05:19:07', '2020-07-10 05:19:07'),
(243, 'Bình Thiên Hân', NULL, 100, 9560000, 0, 'Bình Thiên Hân.jpg', 75, 35, '4seas là thương hiệu sản xuất đồ gốm sứ cao cấp tại Việt Nam. Các sản phẩm gốm sứ của 4seas rất đa dạng về kiểu dáng và chất liệu hoàn thiện bề mặt sản phẩm. Tất cả sản phẩm sứ của 4seas đều được nung thủ công bằng củi, vì vậy tại 4seas chúng tôi có thể tạo ra những sản phẩm kích thước ngoại cỡ với chất lượng tốt nhất mà các lò nung công nghiệp bằng gaz không thể làm được', 0, 0, 0, '2020-07-10 05:20:02', '2020-07-10 05:20:02'),
(244, 'Bình Vân Mộng', NULL, 100, 12650000, 0, 'Bình Vân Mộng.jpg', 75, 35, '4seas là thương hiệu sản xuất đồ gốm sứ cao cấp tại Việt Nam. Các sản phẩm gốm sứ của 4seas rất đa dạng về kiểu dáng và chất liệu hoàn thiện bề mặt sản phẩm. Tất cả sản phẩm sứ của 4seas đều được nung thủ công bằng củi, vì vậy tại 4seas chúng tôi có thể tạo ra những sản phẩm kích thước ngoại cỡ với chất lượng tốt nhất mà các lò nung công nghiệp bằng gaz không thể làm được', 0, 0, 0, '2020-07-10 05:20:56', '2020-07-10 05:20:56'),
(245, 'Bộ Sofa BAHAMAS', NULL, 100, 45000000, 20, 'beda79_f89901a329c6484eab6c8a3e758f6a29_mv2.webp', 75, 36, 'LifestyleGarden\r\nChúng tôi hướng tới tạo ra những sản phẩm ưu việt dựa trên sự kết hợp giữa kinh nghiệm thiết kế toàn cầu với công nghệ sản xuất và vật liệu tiên tiến nhất; tất cả được phối hợp, sản xuất và thử nghiệm kỹ để tạo ra những dòng sản phẩm ngoài trời phù hợp với mọi điều kiện môi trường khắc nghiệt nhất.\r\n\r\nMỗi sản phẩm của LifestyleGarden được sản xuất tại những cơ sở hạ tầng hiện đại nhất tại Châu Á và được thử nghiệm một cách nghiêm ngặt nhất theo tiêu chuẩn quốc tế về chất lượng, về độ bền và công năng sử dụng', 0, 0, 0, '2020-07-10 05:34:44', '2020-07-10 05:34:44'),
(246, 'Bộ Sofa Portals', NULL, 100, 36200000, 20, 'beda79_046a8ac6510445409c4ab6a73c8fc2bf_mv2.webp', 75, 36, 'LifestyleGarden\r\nChúng tôi hướng tới tạo ra những sản phẩm ưu việt dựa trên sự kết hợp giữa kinh nghiệm thiết kế toàn cầu với công nghệ sản xuất và vật liệu tiên tiến nhất; tất cả được phối hợp, sản xuất và thử nghiệm kỹ để tạo ra những dòng sản phẩm ngoài trời phù hợp với mọi điều kiện môi trường khắc nghiệt nhất.\r\n\r\nMỗi sản phẩm của LifestyleGarden được sản xuất tại những cơ sở hạ tầng hiện đại nhất tại Châu Á và được thử nghiệm một cách nghiêm ngặt nhất theo tiêu chuẩn quốc tế về chất lượng, về độ bền và công năng sử dụng', 0, 0, 0, '2020-07-10 05:37:26', '2020-07-10 05:37:26'),
(247, 'Bộ Sofa MORELLA', NULL, 100, 26750000, 10, 'beda79_bea2504ecfef46f6933de4ec1fa04002_mv2.webp', 75, 36, 'LifestyleGarden\r\nChúng tôi hướng tới tạo ra những sản phẩm ưu việt dựa trên sự kết hợp giữa kinh nghiệm thiết kế toàn cầu với công nghệ sản xuất và vật liệu tiên tiến nhất; tất cả được phối hợp, sản xuất và thử nghiệm kỹ để tạo ra những dòng sản phẩm ngoài trời phù hợp với mọi điều kiện môi trường khắc nghiệt nhất.\r\n\r\nMỗi sản phẩm của LifestyleGarden được sản xuất tại những cơ sở hạ tầng hiện đại nhất tại Châu Á và được thử nghiệm một cách nghiêm ngặt nhất theo tiêu chuẩn quốc tế về chất lượng, về độ bền và công năng sử dụng', 0, 0, 0, '2020-07-10 05:38:30', '2020-07-10 05:38:30'),
(248, 'Bàn Ăn Dài', NULL, 100, 9500000, 10, 'beda79_8e0d519e7d7e4d9783bd32e106c0d409_mv2.webp', 75, 36, 'LifestyleGarden\r\nChúng tôi hướng tới tạo ra những sản phẩm ưu việt dựa trên sự kết hợp giữa kinh nghiệm thiết kế toàn cầu với công nghệ sản xuất và vật liệu tiên tiến nhất; tất cả được phối hợp, sản xuất và thử nghiệm kỹ để tạo ra những dòng sản phẩm ngoài trời phù hợp với mọi điều kiện môi trường khắc nghiệt nhất.\r\n\r\nMỗi sản phẩm của LifestyleGarden được sản xuất tại những cơ sở hạ tầng hiện đại nhất tại Châu Á và được thử nghiệm một cách nghiêm ngặt nhất theo tiêu chuẩn quốc tế về chất lượng, về độ bền và công năng sử dụng', 0, 0, 0, '2020-07-10 05:39:04', '2020-07-10 05:39:04'),
(249, 'Băng Ghế Dài', NULL, 100, 6800000, 20, 'beda79_bf141c26e0df429faf334699b5ce6728_mv2_d_1500_1500_s_2.webp', 75, 36, 'LifestyleGarden\r\nChúng tôi hướng tới tạo ra những sản phẩm ưu việt dựa trên sự kết hợp giữa kinh nghiệm thiết kế toàn cầu với công nghệ sản xuất và vật liệu tiên tiến nhất; tất cả được phối hợp, sản xuất và thử nghiệm kỹ để tạo ra những dòng sản phẩm ngoài trời phù hợp với mọi điều kiện môi trường khắc nghiệt nhất.\r\n\r\nMỗi sản phẩm của LifestyleGarden được sản xuất tại những cơ sở hạ tầng hiện đại nhất tại Châu Á và được thử nghiệm một cách nghiêm ngặt nhất theo tiêu chuẩn quốc tế về chất lượng, về độ bền và công năng sử dụng', 0, 0, 0, '2020-07-10 05:39:38', '2020-07-10 05:39:38'),
(250, 'Gối KEZ /40 x40', NULL, 100, 350000, 0, 'beda79_7cdc76e04aa44550ac7217281f7a93c7_mv2.webp', 75, 36, 'LifestyleGarden\r\nChúng tôi hướng tới tạo ra những sản phẩm ưu việt dựa trên sự kết hợp giữa kinh nghiệm thiết kế toàn cầu với công nghệ sản xuất và vật liệu tiên tiến nhất; tất cả được phối hợp, sản xuất và thử nghiệm kỹ để tạo ra những dòng sản phẩm ngoài trời phù hợp với mọi điều kiện môi trường khắc nghiệt nhất.\r\n\r\nMỗi sản phẩm của LifestyleGarden được sản xuất tại những cơ sở hạ tầng hiện đại nhất tại Châu Á và được thử nghiệm một cách nghiêm ngặt nhất theo tiêu chuẩn quốc tế về chất lượng, về độ bền và công năng sử dụng', 0, 0, 0, '2020-07-10 05:40:06', '2020-07-10 05:40:06'),
(251, 'Gối KEZ /40 x40', NULL, 200, 400000, 0, 'beda79_4aa1b93689e64df3a03f06708a8e5322_mv2.webp', 75, 36, 'LifestyleGarden\r\nChúng tôi hướng tới tạo ra những sản phẩm ưu việt dựa trên sự kết hợp giữa kinh nghiệm thiết kế toàn cầu với công nghệ sản xuất và vật liệu tiên tiến nhất; tất cả được phối hợp, sản xuất và thử nghiệm kỹ để tạo ra những dòng sản phẩm ngoài trời phù hợp với mọi điều kiện môi trường khắc nghiệt nhất.\r\n\r\nMỗi sản phẩm của LifestyleGarden được sản xuất tại những cơ sở hạ tầng hiện đại nhất tại Châu Á và được thử nghiệm một cách nghiêm ngặt nhất theo tiêu chuẩn quốc tế về chất lượng, về độ bền và công năng sử dụng', 0, 0, 0, '2020-07-10 05:40:43', '2020-07-10 05:40:43'),
(252, 'Gối KEZ /40 x40', NULL, 100, 360000, 0, 'beda79_2f4b8c6a5fb84fcaadb4aef0371b5c09_mv2.webp', 75, 36, 'LifestyleGarden\r\nChúng tôi hướng tới tạo ra những sản phẩm ưu việt dựa trên sự kết hợp giữa kinh nghiệm thiết kế toàn cầu với công nghệ sản xuất và vật liệu tiên tiến nhất; tất cả được phối hợp, sản xuất và thử nghiệm kỹ để tạo ra những dòng sản phẩm ngoài trời phù hợp với mọi điều kiện môi trường khắc nghiệt nhất.\r\n\r\nMỗi sản phẩm của LifestyleGarden được sản xuất tại những cơ sở hạ tầng hiện đại nhất tại Châu Á và được thử nghiệm một cách nghiêm ngặt nhất theo tiêu chuẩn quốc tế về chất lượng, về độ bền và công năng sử dụng', 0, 0, 0, '2020-07-10 05:41:16', '2020-07-10 05:41:16'),
(253, 'Thác Nước POE', NULL, 100, 9250000, 0, '72.jpg', 75, 37, 'ESTERAS là thương hiệu hàng đầu thế giới về chậu cây và đài phun nước bằng composite. Với công nghệ hàng đầu của Đức, các sản phẩm của Esteras có độ bền vượt trội và dễ dàng vệ sinh sạch sẽ.\r\nHàng trăm mẫu sản phẩm với đa dạng công nghệ hoàn thiện bề mặt giúp đáp ứng mọi nhu cầu của khách hàng dù khó tính nhất.\r\n- Kích thước sản phẩm:\r\n\r\n     + 320 x 320 x H.870 / 23kg\r\n\r\n- Chất liệu: Fiberglass & mineral composite\r\n\r\n- Màu sắc: Black stone / Granite grey', 0, 0, 0, '2020-07-10 05:43:13', '2020-07-10 05:43:13'),
(254, 'Thác Nước AOTIE', NULL, 100, 8700000, 10, '73.jpg', 75, 37, 'ESTERAS là thương hiệu hàng đầu thế giới về chậu cây và đài phun nước bằng composite. Với công nghệ hàng đầu của Đức, các sản phẩm của Esteras có độ bền vượt trội và dễ dàng vệ sinh sạch sẽ.\r\nHàng trăm mẫu sản phẩm với đa dạng công nghệ hoàn thiện bề mặt giúp đáp ứng mọi nhu cầu của khách hàng dù khó tính nhất.\r\n- Kích thước sản phẩm:\r\n\r\n     + 320 x 320 x H.870 / 23kg\r\n\r\n- Chất liệu: Fiberglass & mineral composite\r\n\r\n- Màu sắc: Black stone / Granite grey', 0, 0, 0, '2020-07-10 05:44:23', '2020-07-10 05:44:23'),
(255, 'Thác Nước Vô Ki', NULL, 100, 8900000, 25, '74.jpg', 75, 37, 'ESTERAS là thương hiệu hàng đầu thế giới về chậu cây và đài phun nước bằng composite. Với công nghệ hàng đầu của Đức, các sản phẩm của Esteras có độ bền vượt trội và dễ dàng vệ sinh sạch sẽ.\r\nHàng trăm mẫu sản phẩm với đa dạng công nghệ hoàn thiện bề mặt giúp đáp ứng mọi nhu cầu của khách hàng dù khó tính nhất.\r\n- Kích thước sản phẩm:\r\n\r\n     + 320 x 320 x H.870 / 23kg\r\n\r\n- Chất liệu: Fiberglass & mineral composite\r\n\r\n- Màu sắc: Black stone / Granite grey', 0, 0, 0, '2020-07-10 05:45:12', '2020-07-10 05:45:12'),
(256, 'Thác Nước AMEE', NULL, 20, 10950000, 0, '75.jpg', 75, 37, 'ESTERAS là thương hiệu hàng đầu thế giới về chậu cây và đài phun nước bằng composite. Với công nghệ hàng đầu của Đức, các sản phẩm của Esteras có độ bền vượt trội và dễ dàng vệ sinh sạch sẽ.\r\nHàng trăm mẫu sản phẩm với đa dạng công nghệ hoàn thiện bề mặt giúp đáp ứng mọi nhu cầu của khách hàng dù khó tính nhất.\r\n- Kích thước sản phẩm:\r\n\r\n     + 320 x 320 x H.870 / 23kg\r\n\r\n- Chất liệu: Fiberglass & mineral composite\r\n\r\n- Màu sắc: Black stone / Granite grey', 0, 0, 0, '2020-07-10 05:45:58', '2020-07-10 05:45:58'),
(257, 'Thác Nước SICO', NULL, 100, 6999000, 20, '76.jpg', 75, 37, 'ESTERAS là thương hiệu hàng đầu thế giới về chậu cây và đài phun nước bằng composite. Với công nghệ hàng đầu của Đức, các sản phẩm của Esteras có độ bền vượt trội và dễ dàng vệ sinh sạch sẽ.\r\nHàng trăm mẫu sản phẩm với đa dạng công nghệ hoàn thiện bề mặt giúp đáp ứng mọi nhu cầu của khách hàng dù khó tính nhất.\r\n- Kích thước sản phẩm:\r\n\r\n     + 320 x 320 x H.870 / 23kg\r\n\r\n- Chất liệu: Fiberglass & mineral composite\r\n\r\n- Màu sắc: Black stone / Granite grey', 0, 0, 0, '2020-07-10 05:46:42', '2020-07-10 05:46:42'),
(258, 'Thác Nước PARU', NULL, 100, 8650000, 30, '77.jpg', 75, 37, 'ESTERAS là thương hiệu hàng đầu thế giới về chậu cây và đài phun nước bằng composite. Với công nghệ hàng đầu của Đức, các sản phẩm của Esteras có độ bền vượt trội và dễ dàng vệ sinh sạch sẽ.\r\nHàng trăm mẫu sản phẩm với đa dạng công nghệ hoàn thiện bề mặt giúp đáp ứng mọi nhu cầu của khách hàng dù khó tính nhất.\r\n- Kích thước sản phẩm:\r\n\r\n     + 320 x 320 x H.870 / 23kg\r\n\r\n- Chất liệu: Fiberglass & mineral composite\r\n\r\n- Màu sắc: Black stone / Granite grey', 0, 0, 0, '2020-07-10 05:47:27', '2020-07-10 05:47:27'),
(259, 'Thác Nước BEEK', NULL, 100, 7530000, 10, '78.jpg', 75, 37, 'ESTERAS là thương hiệu hàng đầu thế giới về chậu cây và đài phun nước bằng composite. Với công nghệ hàng đầu của Đức, các sản phẩm của Esteras có độ bền vượt trội và dễ dàng vệ sinh sạch sẽ.\r\nHàng trăm mẫu sản phẩm với đa dạng công nghệ hoàn thiện bề mặt giúp đáp ứng mọi nhu cầu của khách hàng dù khó tính nhất.\r\n- Kích thước sản phẩm:\r\n\r\n     + 320 x 320 x H.870 / 23kg\r\n\r\n- Chất liệu: Fiberglass & mineral composite\r\n\r\n- Màu sắc: Black stone / Granite grey', 0, 0, 0, '2020-07-10 05:48:04', '2020-07-10 05:48:04'),
(260, 'Thác Nước TOAM', NULL, 100, 14500000, 0, '80.jpg', 75, 37, 'ESTERAS là thương hiệu hàng đầu thế giới về chậu cây và đài phun nước bằng composite. Với công nghệ hàng đầu của Đức, các sản phẩm của Esteras có độ bền vượt trội và dễ dàng vệ sinh sạch sẽ.\r\nHàng trăm mẫu sản phẩm với đa dạng công nghệ hoàn thiện bề mặt giúp đáp ứng mọi nhu cầu của khách hàng dù khó tính nhất.\r\n- Kích thước sản phẩm:\r\n\r\n     + 320 x 320 x H.870 / 23kg\r\n\r\n- Chất liệu: Fiberglass & mineral composite\r\n\r\n- Màu sắc: Black stone / Granite grey', 0, 0, 0, '2020-07-10 05:48:43', '2020-07-10 05:48:43'),
(261, 'Ghế TAXIDO', NULL, 100, 7300000, 0, '68.jpg', 75, 38, 'Segis là thương hiệu Nội thất của Italy. Các sản phẩm mang phong cách tối giản và đầy màu sắc. Segis chuyên về những sản phẩm có sự kết hợp giữa kim loại và các chất liệu khác như gỗ, bọc nệm và kính và đặc biệt là chất liệu polypropylene\r\n\r\nNhững sản phẩm của Segis đều được sản xuất với tiêu chuẩn cao nhất, tinh tế và tỉ mỉ tới từng chi tiết nhỏ', 0, 0, 0, '2020-07-10 05:50:45', '2020-07-10 05:50:45'),
(262, 'Ghế CISO', NULL, 20, 9000000, 35, '69.jpg', 75, 38, 'Segis là thương hiệu Nội thất của Italy. Các sản phẩm mang phong cách tối giản và đầy màu sắc. Segis chuyên về những sản phẩm có sự kết hợp giữa kim loại và các chất liệu khác như gỗ, bọc nệm và kính và đặc biệt là chất liệu polypropylene\r\nNhững sản phẩm của Segis đều được sản xuất với tiêu chuẩn cao nhất, tinh tế và tỉ mỉ tới từng chi tiết nhỏ', 0, 0, 0, '2020-07-10 05:51:37', '2020-07-10 05:51:37'),
(263, 'Ghế KA MAXI', NULL, 100, 6800000, 15, '66.jpg', 75, 38, 'Segis là thương hiệu Nội thất của Italy. Các sản phẩm mang phong cách tối giản và đầy màu sắc. Segis chuyên về những sản phẩm có sự kết hợp giữa kim loại và các chất liệu khác như gỗ, bọc nệm và kính và đặc biệt là chất liệu polypropylene\r\n\r\nNhững sản phẩm của Segis đều được sản xuất với tiêu chuẩn cao nhất, tinh tế và tỉ mỉ tới từng chi tiết nhỏ', 0, 0, 0, '2020-07-10 05:52:13', '2020-07-10 05:52:13'),
(264, 'Ghế Băng LONGWAY', NULL, 100, 7500000, 25, '67.jpg', 75, 38, 'Segis là thương hiệu Nội thất của Italy. Các sản phẩm mang phong cách tối giản và đầy màu sắc. Segis chuyên về những sản phẩm có sự kết hợp giữa kim loại và các chất liệu khác như gỗ, bọc nệm và kính và đặc biệt là chất liệu polypropylene\r\n\r\nNhững sản phẩm của Segis đều được sản xuất với tiêu chuẩn cao nhất, tinh tế và tỉ mỉ tới từng chi tiết nhỏ', 0, 0, 0, '2020-07-10 05:52:52', '2020-07-10 05:52:52'),
(265, 'Sofa ARTIN', NULL, 100, 45000000, 10, '65.jpg', 75, 38, 'Segis là thương hiệu Nội thất của Italy. Các sản phẩm mang phong cách tối giản và đầy màu sắc. Segis chuyên về những sản phẩm có sự kết hợp giữa kim loại và các chất liệu khác như gỗ, bọc nệm và kính và đặc biệt là chất liệu polypropylene\r\n\r\nNhững sản phẩm của Segis đều được sản xuất với tiêu chuẩn cao nhất, tinh tế và tỉ mỉ tới từng chi tiết nhỏ', 0, 0, 0, '2020-07-10 05:53:56', '2020-07-10 05:53:56'),
(266, 'Bộ Vòi Tưới 2 Chế Độ', NULL, 50, 650000, 0, 'bộ vòi tưới xoay 2 chế độ.jpg', 75, 39, 'Cellfast là một trong những công ty dẫn đầu Thế giới về sản xuất ống nước tiêu và các phụ kiện vườn. Công ty có trụ sở và sản xuất sản phẩm ở Ba Lan và xuất đi toàn Thế giới. Mỗi sản phẩm đều được thiết kế tỉ mỉ về mặt công năng, thẩm mỹ và chất lượng cao nhất.\r\n- Chế độ phun: Beaded / Strong jet / Flat / Strong shower\r\n\r\n- Có thể điều chỉnh lưu lượng nước thông qua cần gạt\r\n\r\n- Áp suất hoạt động: 6 bar / 87 psi\r\n\r\n- Kích thước miệng ren: 1/2\" - 3/4\" - 1\"\r\n\r\n- Kích thước ống nước: 1/2\" - 5/8\"', 0, 0, 0, '2020-07-10 05:56:14', '2020-07-10 05:56:14'),
(267, 'Khóa Chia 2 Dòng', NULL, 100, 450000, 0, 'khóa chia 2 dòng.jpg', 75, 39, 'Cellfast là một trong những công ty dẫn đầu Thế giới về sản xuất ống nước tiêu và các phụ kiện vườn. Công ty có trụ sở và sản xuất sản phẩm ở Ba Lan và xuất đi toàn Thế giới. Mỗi sản phẩm đều được thiết kế tỉ mỉ về mặt công năng, thẩm mỹ và chất lượng cao nhất.\r\n- Chế độ phun: Beaded / Strong jet / Flat / Strong shower\r\n\r\n- Có thể điều chỉnh lưu lượng nước thông qua cần gạt\r\n\r\n- Áp suất hoạt động: 6 bar / 87 psi\r\n\r\n- Kích thước miệng ren: 1/2\" - 3/4\" - 1\"\r\n\r\n- Kích thước ống nước: 1/2\" - 5/8\"', 0, 0, 0, '2020-07-10 05:57:29', '2020-07-10 05:57:29'),
(268, 'Khóa Nối Ống', NULL, 50, 350000, 0, 'khóa nối ống 1.jpg', 75, 39, 'Cellfast là một trong những công ty dẫn đầu Thế giới về sản xuất ống nước tiêu và các phụ kiện vườn. Công ty có trụ sở và sản xuất sản phẩm ở Ba Lan và xuất đi toàn Thế giới. Mỗi sản phẩm đều được thiết kế tỉ mỉ về mặt công năng, thẩm mỹ và chất lượng cao nhất.\r\n- Chế độ phun: Beaded / Strong jet / Flat / Strong shower\r\n\r\n- Có thể điều chỉnh lưu lượng nước thông qua cần gạt\r\n\r\n- Áp suất hoạt động: 6 bar / 87 psi\r\n\r\n- Kích thước miệng ren: 1/2\" - 3/4\" - 1\"\r\n\r\n- Kích thước ống nước: 1/2\" - 5/8\"', 0, 0, 0, '2020-07-10 05:58:07', '2020-07-10 05:58:07'),
(269, 'Cào Đất', NULL, 100, 450000, 0, 'cào đất.png', 75, 39, 'Cellfast là một trong những công ty dẫn đầu Thế giới về sản xuất ống nước tiêu và các phụ kiện vườn. Công ty có trụ sở và sản xuất sản phẩm ở Ba Lan và xuất đi toàn Thế giới. Mỗi sản phẩm đều được thiết kế tỉ mỉ về mặt công năng, thẩm mỹ và chất lượng cao nhất.\r\n- Chế độ phun: Beaded / Strong jet / Flat / Strong shower\r\n\r\n- Có thể điều chỉnh lưu lượng nước thông qua cần gạt\r\n\r\n- Áp suất hoạt động: 6 bar / 87 psi\r\n\r\n- Kích thước miệng ren: 1/2\" - 3/4\" - 1\"\r\n\r\n- Kích thước ống nước: 1/2\" - 5/8\"', 0, 0, 0, '2020-07-10 05:58:42', '2020-07-10 05:58:42'),
(270, 'Ống Tưới', NULL, 100, 620000, 0, 'ống tưới.jpg', 75, 39, 'Cellfast là một trong những công ty dẫn đầu Thế giới về sản xuất ống nước tiêu và các phụ kiện vườn. Công ty có trụ sở và sản xuất sản phẩm ở Ba Lan và xuất đi toàn Thế giới. Mỗi sản phẩm đều được thiết kế tỉ mỉ về mặt công năng, thẩm mỹ và chất lượng cao nhất.\r\n- Chế độ phun: Beaded / Strong jet / Flat / Strong shower\r\n\r\n- Có thể điều chỉnh lưu lượng nước thông qua cần gạt\r\n\r\n- Áp suất hoạt động: 6 bar / 87 psi\r\n\r\n- Kích thước miệng ren: 1/2\" - 3/4\" - 1\"\r\n\r\n- Kích thước ống nước: 1/2\" - 5/8\"', 0, 0, 0, '2020-07-10 05:59:10', '2020-07-10 05:59:10'),
(271, 'Thiết Bị Hẹn Giờ Tưới Tự Động', NULL, 100, 1950000, 0, 'thiết bị hẹn giờ tưới tự động.png', 75, 39, 'Cellfast là một trong những công ty dẫn đầu Thế giới về sản xuất ống nước tiêu và các phụ kiện vườn. Công ty có trụ sở và sản xuất sản phẩm ở Ba Lan và xuất đi toàn Thế giới. Mỗi sản phẩm đều được thiết kế tỉ mỉ về mặt công năng, thẩm mỹ và chất lượng cao nhất.\r\n- Chế độ phun: Beaded / Strong jet / Flat / Strong shower\r\n\r\n- Có thể điều chỉnh lưu lượng nước thông qua cần gạt\r\n\r\n- Áp suất hoạt động: 6 bar / 87 psi\r\n\r\n- Kích thước miệng ren: 1/2\" - 3/4\" - 1\"\r\n\r\n- Kích thước ống nước: 1/2\" - 5/8\"', 0, 0, 0, '2020-07-10 06:00:16', '2020-07-10 06:00:16'),
(272, 'Vòi Tưới Cây', NULL, 100, 250000, 0, 'vòi tưới cây.jpg', 75, 39, 'Cellfast là một trong những công ty dẫn đầu Thế giới về sản xuất ống nước tiêu và các phụ kiện vườn. Công ty có trụ sở và sản xuất sản phẩm ở Ba Lan và xuất đi toàn Thế giới. Mỗi sản phẩm đều được thiết kế tỉ mỉ về mặt công năng, thẩm mỹ và chất lượng cao nhất.\r\n- Chế độ phun: Beaded / Strong jet / Flat / Strong shower\r\n\r\n- Có thể điều chỉnh lưu lượng nước thông qua cần gạt\r\n\r\n- Áp suất hoạt động: 6 bar / 87 psi\r\n\r\n- Kích thước miệng ren: 1/2\" - 3/4\" - 1\"\r\n\r\n- Kích thước ống nước: 1/2\" - 5/8\"', 0, 0, 0, '2020-07-10 06:00:54', '2020-07-10 06:00:54'),
(273, 'Xúc Đất', NULL, 100, 380000, 20, 'xúc đất.jpg', 75, 39, 'Cellfast là một trong những công ty dẫn đầu Thế giới về sản xuất ống nước tiêu và các phụ kiện vườn. Công ty có trụ sở và sản xuất sản phẩm ở Ba Lan và xuất đi toàn Thế giới. Mỗi sản phẩm đều được thiết kế tỉ mỉ về mặt công năng, thẩm mỹ và chất lượng cao nhất.\r\n- Chế độ phun: Beaded / Strong jet / Flat / Strong shower\r\n\r\n- Có thể điều chỉnh lưu lượng nước thông qua cần gạt\r\n\r\n- Áp suất hoạt động: 6 bar / 87 psi\r\n\r\n- Kích thước miệng ren: 1/2\" - 3/4\" - 1\"\r\n\r\n- Kích thước ống nước: 1/2\" - 5/8\"', 0, 0, 0, '2020-07-10 06:01:21', '2020-07-10 06:01:21'),
(274, 'Hộp Đựng Khăn Giấy', NULL, 50, 240000, 0, 'a.JPG', 75, 40, 'CERUBO bắt nguồn từ thị trấn Takumi, ở Hida Takayama, Nhật Bản. Công ty được biết đến với việc thiết kế và sản xuất các sản phẩm Nội thất bằng gỗ thịt với các kỹ năng truyền thống của Nhật Bản. Kỹ năng \"Truyền thống của Nhật Bản\" là \"đặc sản\" của chúng tôi vì chúng đã được phát triển và trao dồi qua nhiều thế hệ của thợ thủ công tại Nhật Bản. Hiện tại, với công nghệ tối tân nhất kết hợp với kỹ năng của các thợ thủ công, chúng tôi luôn mang tới những sản phẩm Nội thất tốt nhất cho khách hàng với giá phải chăng nhất, đó là cam kết của chúng tôi.', 0, 0, 0, '2020-07-10 06:03:34', '2020-07-10 06:03:34'),
(275, 'Lọ Hoa Trang Trí', NULL, 100, 2400000, 10, 'b.jpg', 75, 40, 'CERUBO bắt nguồn từ thị trấn Takumi, ở Hida Takayama, Nhật Bản. Công ty được biết đến với việc thiết kế và sản xuất các sản phẩm Nội thất bằng gỗ thịt với các kỹ năng truyền thống của Nhật Bản. Kỹ năng \"Truyền thống của Nhật Bản\" là \"đặc sản\" của chúng tôi vì chúng đã được phát triển và trao dồi qua nhiều thế hệ của thợ thủ công tại Nhật Bản. Hiện tại, với công nghệ tối tân nhất kết hợp với kỹ năng của các thợ thủ công, chúng tôi luôn mang tới những sản phẩm Nội thất tốt nhất cho khách hàng với giá phải chăng nhất, đó là cam kết của chúng tôi.', 0, 0, 0, '2020-07-10 06:04:05', '2020-07-10 06:04:05'),
(276, 'Khung Hình Bằng Gỗ', NULL, 100, 450000, 0, 'c.jpg', 75, 40, 'CERUBO bắt nguồn từ thị trấn Takumi, ở Hida Takayama, Nhật Bản. Công ty được biết đến với việc thiết kế và sản xuất các sản phẩm Nội thất bằng gỗ thịt với các kỹ năng truyền thống của Nhật Bản. Kỹ năng \"Truyền thống của Nhật Bản\" là \"đặc sản\" của chúng tôi vì chúng đã được phát triển và trao dồi qua nhiều thế hệ của thợ thủ công tại Nhật Bản. Hiện tại, với công nghệ tối tân nhất kết hợp với kỹ năng của các thợ thủ công, chúng tôi luôn mang tới những sản phẩm Nội thất tốt nhất cho khách hàng với giá phải chăng nhất, đó là cam kết của chúng tôi.', 0, 0, 0, '2020-07-10 06:04:36', '2020-07-10 06:04:36'),
(277, 'Lọ Hoa Bằng Gỗ', NULL, 100, 390000, 0, 'd.jpg', 75, 40, 'CERUBO bắt nguồn từ thị trấn Takumi, ở Hida Takayama, Nhật Bản. Công ty được biết đến với việc thiết kế và sản xuất các sản phẩm Nội thất bằng gỗ thịt với các kỹ năng truyền thống của Nhật Bản. Kỹ năng \"Truyền thống của Nhật Bản\" là \"đặc sản\" của chúng tôi vì chúng đã được phát triển và trao dồi qua nhiều thế hệ của thợ thủ công tại Nhật Bản. Hiện tại, với công nghệ tối tân nhất kết hợp với kỹ năng của các thợ thủ công, chúng tôi luôn mang tới những sản phẩm Nội thất tốt nhất cho khách hàng với giá phải chăng nhất, đó là cam kết của chúng tôi.', 0, 0, 0, '2020-07-10 06:05:06', '2020-07-10 06:05:06'),
(278, 'Khung Hình Bằng Gỗ', NULL, 100, 500000, 20, 'e.jpg', 75, 40, 'CERUBO bắt nguồn từ thị trấn Takumi, ở Hida Takayama, Nhật Bản. Công ty được biết đến với việc thiết kế và sản xuất các sản phẩm Nội thất bằng gỗ thịt với các kỹ năng truyền thống của Nhật Bản. Kỹ năng \"Truyền thống của Nhật Bản\" là \"đặc sản\" của chúng tôi vì chúng đã được phát triển và trao dồi qua nhiều thế hệ của thợ thủ công tại Nhật Bản. Hiện tại, với công nghệ tối tân nhất kết hợp với kỹ năng của các thợ thủ công, chúng tôi luôn mang tới những sản phẩm Nội thất tốt nhất cho khách hàng với giá phải chăng nhất, đó là cam kết của chúng tôi.', 0, 0, 0, '2020-07-10 06:05:36', '2020-07-10 06:05:36'),
(279, 'Khung Hình Bằng Gỗ', NULL, 50, 640000, 0, 'cb2e09_188674a305944cca9cbb4536a2dfbae4_mv2.webp', 75, 40, 'CERUBO bắt nguồn từ thị trấn Takumi, ở Hida Takayama, Nhật Bản. Công ty được biết đến với việc thiết kế và sản xuất các sản phẩm Nội thất bằng gỗ thịt với các kỹ năng truyền thống của Nhật Bản. Kỹ năng \"Truyền thống của Nhật Bản\" là \"đặc sản\" của chúng tôi vì chúng đã được phát triển và trao dồi qua nhiều thế hệ của thợ thủ công tại Nhật Bản. Hiện tại, với công nghệ tối tân nhất kết hợp với kỹ năng của các thợ thủ công, chúng tôi luôn mang tới những sản phẩm Nội thất tốt nhất cho khách hàng với giá phải chăng nhất, đó là cam kết của chúng tôi.', 0, 0, 0, '2020-07-10 06:17:40', '2020-07-10 06:17:40'),
(280, 'Khung Hình Bằng Gỗ', NULL, 50, 740000, 20, 'cb2e09_b77327f3223a46388b5fdf292e568b40_mv2.webp', 75, 40, 'CERUBO bắt nguồn từ thị trấn Takumi, ở Hida Takayama, Nhật Bản. Công ty được biết đến với việc thiết kế và sản xuất các sản phẩm Nội thất bằng gỗ thịt với các kỹ năng truyền thống của Nhật Bản. Kỹ năng \"Truyền thống của Nhật Bản\" là \"đặc sản\" của chúng tôi vì chúng đã được phát triển và trao dồi qua nhiều thế hệ của thợ thủ công tại Nhật Bản. Hiện tại, với công nghệ tối tân nhất kết hợp với kỹ năng của các thợ thủ công, chúng tôi luôn mang tới những sản phẩm Nội thất tốt nhất cho khách hàng với giá phải chăng nhất, đó là cam kết của chúng tôi.', 0, 0, 0, '2020-07-10 06:18:04', '2020-07-10 06:18:04'),
(281, 'Giá Kẹp Danh Thiếp', NULL, 50, 340000, 0, 'cb2e09_0681329762004c768f32ae2a9b4cc4e5_mv2.webp', 75, 40, 'CERUBO bắt nguồn từ thị trấn Takumi, ở Hida Takayama, Nhật Bản. Công ty được biết đến với việc thiết kế và sản xuất các sản phẩm Nội thất bằng gỗ thịt với các kỹ năng truyền thống của Nhật Bản. Kỹ năng \"Truyền thống của Nhật Bản\" là \"đặc sản\" của chúng tôi vì chúng đã được phát triển và trao dồi qua nhiều thế hệ của thợ thủ công tại Nhật Bản. Hiện tại, với công nghệ tối tân nhất kết hợp với kỹ năng của các thợ thủ công, chúng tôi luôn mang tới những sản phẩm Nội thất tốt nhất cho khách hàng với giá phải chăng nhất, đó là cam kết của chúng tôi.', 0, 0, 0, '2020-07-10 06:18:39', '2020-07-10 06:18:39');
INSERT INTO `product` (`id`, `name`, `slug`, `soluong`, `gia`, `sale`, `avatar`, `category`, `type`, `content`, `head`, `view`, `hot`, `created_at`, `updata_up`) VALUES
(282, 'HẢI ĐẸP TRAI', NULL, 2, 2147483647, 99, '11111111.jpg', 74, 13, '300k/đêm ', 0, 0, 0, '2020-07-14 14:43:41', '2020-07-14 15:13:49');

-- --------------------------------------------------------

--
-- Table structure for table `transaction`
--

CREATE TABLE `transaction` (
  `id` int(100) NOT NULL,
  `amount` int(100) DEFAULT NULL,
  `user_id` int(100) DEFAULT NULL,
  `status` tinyint(100) DEFAULT 0,
  `note` varchar(100) DEFAULT NULL,
  `created_at` timestamp NULL DEFAULT current_timestamp(),
  `created_up` timestamp NULL DEFAULT current_timestamp()
) ENGINE=InnoDB DEFAULT CHARSET=utf8;

--
-- Dumping data for table `transaction`
--

INSERT INTO `transaction` (`id`, `amount`, `user_id`, `status`, `note`, `created_at`, `created_up`) VALUES
(52, 8900000, 13, 0, 'lan 1', '2020-07-15 11:10:29', '2020-07-15 11:10:29'),
(53, 21300000, 13, 1, 'lan 2', '2020-07-15 11:11:10', '2020-07-15 11:11:10'),
(54, 18950000, 13, 1, 'dsada', '2020-07-15 11:12:53', '2020-07-15 11:12:53'),
(55, 17635000, 13, 1, 'jhjhjh', '2020-07-15 11:13:49', '2020-07-15 11:13:49'),
(56, 17800000, 13, 1, 'dá', '2020-07-16 15:11:08', '2020-07-16 15:11:08'),
(57, 17800000, 13, 1, 'dấdsadsa', '2020-07-16 15:52:53', '2020-07-16 15:52:53'),
(58, 68560000, 10, 1, 'rrrrrr', '2020-07-17 15:00:20', '2020-07-17 15:00:20'),
(59, 41308000, 13, 0, '', '2020-07-19 08:15:28', '2020-07-19 08:15:28'),
(60, 16920000, 13, 0, 'dđ', '2020-07-19 08:21:02', '2020-07-19 08:21:02'),
(61, 10100000, 13, 0, 'ccc', '2020-07-19 08:22:40', '2020-07-19 08:22:40'),
(62, 20960000, 13, 0, 'vvv', '2020-07-19 08:26:28', '2020-07-19 08:26:28'),
(63, 26700000, 13, 1, 'lần cuối', '2020-07-19 08:29:01', '2020-07-19 08:29:01'),
(64, 855000, 13, 0, 'dsadsadsa', '2020-07-19 15:10:55', '2020-07-19 15:10:55'),
(65, 27170000, 13, 0, 'dsadsadsa', '2020-07-19 15:19:13', '2020-07-19 15:19:13'),
(66, 25820000, 13, 0, '', '2020-07-19 15:38:57', '2020-07-19 15:38:57'),
(67, 46000000, 13, 0, 'jhjhj', '2020-07-20 06:02:38', '2020-07-20 06:02:38');

-- --------------------------------------------------------

--
-- Table structure for table `type`
--

CREATE TABLE `type` (
  `id` int(11) NOT NULL,
  `name` varchar(100) NOT NULL,
  `category` int(100) NOT NULL
) ENGINE=InnoDB DEFAULT CHARSET=utf8;

--
-- Dumping data for table `type`
--

INSERT INTO `type` (`id`, `name`, `category`) VALUES
(9, 'Sofa', 70),
(10, 'Bàn', 70),
(11, 'Ghế', 70),
(12, 'Tủ / Kệ', 70),
(13, 'Phụ Kiện', 70),
(14, 'Sofa Ngoài Trời', 71),
(15, 'Bàn Ngoài Trời', 71),
(16, 'Ghế Ngoài Trời', 71),
(17, 'Bộ Bàn Ghế Ngoài Trời', 71),
(18, 'Ghế Hồ Bơi', 71),
(19, 'Ngoại Thất Khác', 71),
(20, 'Phụ Kiện', 71),
(21, 'Bình / Lọ', 72),
(22, 'Tượng', 72),
(23, 'Lighting', 72),
(24, 'Đài Phun Nước', 72),
(25, 'Accessaries', 72),
(26, 'Chậu Cây', 73),
(27, 'Decor Sân Vườn', 73),
(28, 'Thác Nước', 73),
(29, 'Lavabo', 73),
(30, 'Phụ Kiện Vườn', 73),
(31, 'Phòng Tắm ', 74),
(32, 'Make-up', 74),
(33, 'Ngăn / Kệ', 74),
(34, 'Nhata', 75),
(35, '4Seas', 75),
(36, 'LifestyleGarden', 75),
(37, 'Esteras', 75),
(38, 'Segis', 75),
(39, 'Cellfast', 75),
(40, 'Cerubo', 75);

-- --------------------------------------------------------

--
-- Table structure for table `users`
--

CREATE TABLE `users` (
  `id` int(11) NOT NULL,
  `name` varchar(100) DEFAULT NULL,
  `email` varchar(100) DEFAULT NULL,
  `address` varchar(100) DEFAULT NULL,
  `phone` char(15) DEFAULT NULL,
  `Account` varchar(50) NOT NULL,
  `password` varchar(50) DEFAULT NULL,
  `avatar` varchar(100) DEFAULT NULL,
  `status` tinyint(4) DEFAULT 1,
  `token` varchar(50) DEFAULT NULL,
  `created_at` timestamp NULL DEFAULT NULL,
  `updata_up` timestamp NULL DEFAULT NULL ON UPDATE current_timestamp()
) ENGINE=InnoDB DEFAULT CHARSET=utf8;

--
-- Dumping data for table `users`
--

INSERT INTO `users` (`id`, `name`, `email`, `address`, `phone`, `Account`, `password`, `avatar`, `status`, `token`, `created_at`, `updata_up`) VALUES
(9, 'Quynhanh', 'Quynhanh123@gmail.com', '64 Hoàng Hoa Thám', '0934786952', 'QuynhAnh123', '123456789', '2.jpg', 1, '1', '2020-07-07 09:49:29', '2020-07-11 02:10:04'),
(10, 'nguyenkhoi', 'nguyenkhoi159@gmail.com', '235 Nơ Trang Long', '0767548612', 'MinhKhoi147', '789456123', '4.jpg', 1, '1', '2020-07-07 09:51:37', '2020-07-11 02:10:32'),
(11, 'nguyenminhkhan', 'nguyenminhkhang136@gmail.com', '147 Nguyễn Tri Phương ', '0874632148', 'KhangVo083', 'Khang15937', '3.jpg', 1, '1', '2020-07-07 09:55:35', '2020-07-11 02:10:40'),
(12, 'dungtran', 'dungtran1506@gmail.com', '264 Hoàng Văn Thụ', '0796342586', 'DungTran14', 'dungtr@n1478951', '1.jpg', 1, '1', '2020-07-07 09:57:20', '2020-07-11 02:10:55'),
(13, 'ĐẶng Vân Thương11111', 'vanthuonghcmue@gmail.com', '351a Lạc Long Quân111', '0345197651111', 'Thuongpro11', '12345678911', 'Untitled.png', 1, '1', '2020-07-11 02:13:29', '2020-07-15 10:06:09'),
(14, 'Thương', 'vanthuonghcmue@gmail.com', '351a Lạc Long Quân111', '0986319121', 'Thuongpro', 'Thuongpro', 'viewFlipper1.jpg', 1, '1', '2020-07-21 13:58:40', '2020-07-21 13:58:40');

--
-- Indexes for dumped tables
--

--
-- Indexes for table `admins`
--
ALTER TABLE `admins`
  ADD PRIMARY KEY (`id`);

--
-- Indexes for table `category`
--
ALTER TABLE `category`
  ADD PRIMARY KEY (`id`);

--
-- Indexes for table `orders`
--
ALTER TABLE `orders`
  ADD PRIMARY KEY (`id`),
  ADD KEY `ketnoisanpham` (`product_id`),
  ADD KEY `ketnoidonhang` (`transaction_id`);

--
-- Indexes for table `product`
--
ALTER TABLE `product`
  ADD PRIMARY KEY (`id`),
  ADD KEY `ketnoidanhmuc` (`category`),
  ADD KEY `ketnoiloai` (`type`);

--
-- Indexes for table `transaction`
--
ALTER TABLE `transaction`
  ADD PRIMARY KEY (`id`),
  ADD KEY `ketnoiusers` (`user_id`);

--
-- Indexes for table `type`
--
ALTER TABLE `type`
  ADD PRIMARY KEY (`id`),
  ADD KEY `ketnoicategory` (`category`);

--
-- Indexes for table `users`
--
ALTER TABLE `users`
  ADD PRIMARY KEY (`id`);

--
-- AUTO_INCREMENT for dumped tables
--

--
-- AUTO_INCREMENT for table `admins`
--
ALTER TABLE `admins`
  MODIFY `id` int(11) NOT NULL AUTO_INCREMENT, AUTO_INCREMENT=20;

--
-- AUTO_INCREMENT for table `category`
--
ALTER TABLE `category`
  MODIFY `id` int(11) NOT NULL AUTO_INCREMENT, AUTO_INCREMENT=77;

--
-- AUTO_INCREMENT for table `orders`
--
ALTER TABLE `orders`
  MODIFY `id` int(11) NOT NULL AUTO_INCREMENT, AUTO_INCREMENT=69;

--
-- AUTO_INCREMENT for table `product`
--
ALTER TABLE `product`
  MODIFY `id` int(11) NOT NULL AUTO_INCREMENT, AUTO_INCREMENT=283;

--
-- AUTO_INCREMENT for table `transaction`
--
ALTER TABLE `transaction`
  MODIFY `id` int(100) NOT NULL AUTO_INCREMENT, AUTO_INCREMENT=68;

--
-- AUTO_INCREMENT for table `type`
--
ALTER TABLE `type`
  MODIFY `id` int(11) NOT NULL AUTO_INCREMENT, AUTO_INCREMENT=41;

--
-- AUTO_INCREMENT for table `users`
--
ALTER TABLE `users`
  MODIFY `id` int(11) NOT NULL AUTO_INCREMENT, AUTO_INCREMENT=15;

--
-- Constraints for dumped tables
--

--
-- Constraints for table `orders`
--
ALTER TABLE `orders`
  ADD CONSTRAINT `ketnoidonhang` FOREIGN KEY (`transaction_id`) REFERENCES `transaction` (`id`),
  ADD CONSTRAINT `ketnoisanpham` FOREIGN KEY (`product_id`) REFERENCES `product` (`id`);

--
-- Constraints for table `product`
--
ALTER TABLE `product`
  ADD CONSTRAINT `ketnoidanhmuc` FOREIGN KEY (`category`) REFERENCES `category` (`id`),
  ADD CONSTRAINT `ketnoiloai` FOREIGN KEY (`type`) REFERENCES `type` (`id`);

--
-- Constraints for table `transaction`
--
ALTER TABLE `transaction`
  ADD CONSTRAINT `ketnoiusers` FOREIGN KEY (`user_id`) REFERENCES `users` (`id`);

--
-- Constraints for table `type`
--
ALTER TABLE `type`
  ADD CONSTRAINT `ketnoicategory` FOREIGN KEY (`category`) REFERENCES `category` (`id`);
COMMIT;

/*!40101 SET CHARACTER_SET_CLIENT=@OLD_CHARACTER_SET_CLIENT */;
/*!40101 SET CHARACTER_SET_RESULTS=@OLD_CHARACTER_SET_RESULTS */;
/*!40101 SET COLLATION_CONNECTION=@OLD_COLLATION_CONNECTION */;
